0,0,0,0,70.5,247.5,-226.5,15.7379999160767,-6.3439998626709,1024.49499511719,-630,840,140,0,0,0,0
0,0,0,0,60,229.5,-229.5,14.5790004730225,-11.1020002365112,1022.90899658203,-630,910,140,0,0,0,0
0,0,0,0,51,225,-237,15.0060005187988,-6.77099990844727,1023.94598388672,-700,840,140,0,0,0,0
0,0,0,0,58.5,240,-229.5,14.4569997787476,-6.83200025558472,1023.21398925781,-630,840,140,0,0,0,0
0,0,0,0,67.5,253.5,-222,15.9210004806519,-10.7969999313354,1023.27502441406,-700,840,140,0,0,0,0
0,0,0,0,75,268.5,-223.5,14.6400003433228,-6.22200012207031,1023.70202636719,-630,840,70,0,0,0,0
25.515625,25.5634307861328,36.9552612304688,101616.5859375,75,262.5,-222,15.3719997406006,-10.7360000610352,1023.15301513672,-630,840,70,0,0,0,0
0,0,0,0,63,247.5,-226.5,15.4940004348755,-10.5530004501343,1022.97003173828,-700,910,140,0,0,0,0
0,0,0,0,57,226.5,-229.5,14.701000213623,-6.77099990844727,1023.51898193359,-700,840,70,0,0,0,0
0,0,0,0,58.5,228,-231,15.798999786377,-10.918999671936,1023.27502441406,-700,840,70,0,0,0,0
0,0,0,0,67.5,246,-237,14.4569997787476,-6.9539999961853,1023.09204101563,-700,840,140,0,0,0,0
0,0,0,0,75,265.5,-234,14.7620000839233,-7.07600021362305,1023.58001708984,-630,840,140,0,0,0,0
0,0,0,0,75,271.5,-228,14.8229999542236,-10.7360000610352,1022.78698730469,-700,910,70,0,0,0,0
0,0,0,0,70.5,255,-226.5,14.9449996948242,-7.25900030136108,1023.15301513672,-700,840,70,0,0,0,0
0,0,0,0,60,235.5,-226.5,15.6770000457764,-10.3090000152588,1023.21398925781,-700,840,140,0,0,0,0
0,0,0,0,45,232.5,-234,15.5550003051758,-10.1870002746582,1023.39703369141,-700,910,140,0,0,0,0
0,0,0,0,52.5,244.5,-240,15.3109998703003,-7.86899995803833,1023.51898193359,-700,840,70,0,0,0,0
25.5234375,25.5709838867188,36.92626953125,101616.5859375,66,261,-237,15.6160001754761,-9.69900035858154,1022.90899658203,-700,910,140,0,0,0,0
0,0,0,0,73.5,268.5,-228,15.0670003890991,-7.74700021743774,1023.51898193359,-630,840,140,0,0,0,0
0,0,0,0,72,256.5,-225,14.7620000839233,-8.35700035095215,1023.39703369141,-630,840,140,0,0,0,0
0,0,0,0,63,246,-231,15.6160001754761,-9.69900035858154,1023.33599853516,-700,840,140,0,0,0,0
0,0,0,0,55.5,229.5,-229.5,15.0670003890991,-8.29600048065186,1023.39703369141,-700,840,140,0,0,0,0
0,0,0,0,55.5,234,-235.5,15.0060005187988,-9.51599979400635,1023.27502441406,-630,840,70,0,0,0,0
0,0,0,0,64.5,249,-234,15.5550003051758,-9.33300018310547,1023.21398925781,-700,840,140,0,0,0,0
0,0,0,0,78,261,-229.5,14.6400003433228,-8.17399978637695,1023.15301513672,-630,840,70,0,0,0,0
0,0,0,0,79.5,259.5,-228,15.4330005645752,-9.51599979400635,1023.15301513672,-630,840,70,0,0,0,0
0,0,0,0,64.5,244.5,-228,15.3109998703003,-8.78400039672852,1023.15301513672,-700,910,140,0,0,0,0
25.5078125,25.5583953857422,36.8362426757813,101616.5859375,54,231,-231,14.5180006027222,-8.53999996185303,1022.78698730469,-700,910,140,0,0,0,0
0,0,0,0,49.5,226.5,-232.5,15.3719997406006,-9.39400005340576,1023.58001708984,-700,840,70,0,0,0,0
0,0,0,0,57,238.5,-232.5,15.3109998703003,-9.02799987792969,1023.27502441406,-700,840,70,0,0,0,0
0,0,0,0,66,264,-234,15.6160001754761,-8.96700000762939,1023.15301513672,-700,840,70,0,0,0,0
0,0,0,0,72,271.5,-226.5,15.3719997406006,-8.23499965667725,1023.09204101563,-630,840,70,0,0,0,0
0,0,0,0,69,246,-222,15.25,-9.15000057220459,1022.84802246094,-700,910,70,0,0,0,0
0,0,0,0,57,235.5,-226.5,15.0670003890991,-8.96700000762939,1023.21398925781,-700,910,140,0,0,0,0
0,0,0,0,45,231,-232.5,14.9449996948242,-8.41800022125244,1022.78698730469,-700,910,140,0,0,0,0
0,0,0,0,48,235.5,-238.5,14.7620000839233,-9.08899974822998,1022.6650390625,-700,840,140,0,0,0,0
0,0,0,0,63,255,-232.5,15.7379999160767,-8.47900009155273,1023.33599853516,-700,840,70,0,0,0,0
25.5078125,25.5508422851563,36.77978515625,101616.5859375,78,273,-228,15.1280002593994,-9.08899974822998,1022.78698730469,-700,840,70,0,0,0,0
0,0,0,0,73.5,267,-231,15.4330005645752,-8.78400039672852,1023.21398925781,-700,840,70,0,0,0,0
0,0,0,0,60,250.5,-228,15.1280002593994,-9.21100044250488,1023.39703369141,-700,840,70,0,0,0,0
0,0,0,0,51,232.5,-228,15.1890001296997,-8.72300052642822,1023.39703369141,-700,910,70,0,0,0,0
0,0,0,0,54,231,-235.5,14.5180006027222,-8.78400039672852,1022.90899658203,-700,910,140,0,0,0,0
0,0,0,0,60,243,-237,15.4330005645752,-8.78400039672852,1023.21398925781,-700,840,70,0,0,0,0
0,0,0,0,67.5,264,-228,14.7620000839233,-8.35700035095215,1023.33599853516,-700,840,70,0,0,0,0
0,0,0,0,76.5,270,-222,15.4330005645752,-9.27200031280518,1023.39703369141,-700,840,70,0,0,0,0
0,0,0,0,67.5,247.5,-226.5,14.3959999084473,-8.35700035095215,1022.78698730469,-630,840,70,0,0,0,0
0,0,0,0,61.5,232.5,-231,15.8600006103516,-8.84500026702881,1023.03100585938,-700,840,70,0,0,0,0
0,0,0,0,52.5,229.5,-229.5,15.5550003051758,-9.08899974822998,1023.33599853516,-700,840,140,0,0,0,0
25.5,25.5533599853516,36.6958618164063,101618.6015625,51,241.5,-234,14.701000213623,-9.02799987792969,1023.03100585938,-700,910,140,0,0,0,0
0,0,0,0,61.5,255,-237,15.3719997406006,-8.9060001373291,1023.58001708984,-700,910,140,0,0,0,0
0,0,0,0,69,265.5,-231,14.701000213623,-8.53999996185303,1023.27502441406,-630,840,70,0,0,0,0
0,0,0,0,69,258,-223.5,14.8839998245239,-9.02799987792969,1023.4580078125,-630,840,70,0,0,0,0
0,0,0,0,64.5,241.5,-222,17.5069999694824,-7.74700021743774,1027.42297363281,-630,980,140,0,0,0,0
0,0,0,0,52.5,229.5,-222,11.8340005874634,-11.5290002822876,1017.23602294922,-700,1120,140,0,0,0,0
0,0,0,0,54,234,-234,14.9449996948242,-6.40500020980835,1023.70202636719,-700,840,70,0,0,0,0
0,0,0,0,61.5,244.5,-240,12.7490005493164,-7.19799995422363,1021.20098876953,-700,910,70,0,0,0,0
0,0,0,0,75,264,-235.5,14.8839998245239,-10.8579998016357,1023.21398925781,-700,840,140,0,0,0,0
0,0,0,0,78,267,-225,16.6529998779297,-7.19799995422363,1024.19006347656,-630,840,70,0,0,0,0
25.5078125,25.5659484863281,36.6455078125,101618.6015625,61.5,246,-223.5,13.8470001220703,-9.63800048828125,1021.99401855469,-700,840,70,0,0,0,0
0,0,0,0,52.5,229.5,-234,13.4809999465942,-8.78400039672852,1022.60400390625,-700,910,70,0,0,0,0
0,0,0,0,54,226.5,-244.5,14.8229999542236,-9.21100044250488,1022.35998535156,-630,910,70,0,0,0,0
0,0,0,0,61.5,240,-240,16.0429992675781,-7.32000017166138,1024.49499511719,-700,840,70,0,0,0,0
0,0,0,0,70.5,256.5,-229.5,13.5419998168945,-10.4309997558594,1021.38403320313,-700,910,140,0,0,0,0
0,0,0,0,79.5,265.5,-229.5,17.9950008392334,-8.66199970245361,1024.55603027344,-630,840,140,0,0,0,0
0,0,0,0,73.5,258,-229.5,11.8340005874634,-8.78400039672852,1021.01800537109,-700,910,70,0,0,0,0
0,0,0,0,66,246,-232.5,15.9820003509521,-9.08899974822998,1023.82403564453,-630,840,140,0,0,0,0
0,0,0,0,60,232.5,-237,14.2740001678467,-8.29600048065186,1022.90899658203,-630,910,70,0,0,0,0
0,0,0,0,57,240,-235.5,16.0429992675781,-8.53999996185303,1023.4580078125,-700,840,70,0,0,0,0
25.5,25.5432891845703,36.6195678710938,101616.5859375,66,252,-231,13.6029996871948,-9.08899974822998,1023.15301513672,-700,840,140,0,0,0,0
0,0,0,0,76.5,265.5,-228,13.9079999923706,-9.02799987792969,1022.6650390625,-630,840,70,0,0,0,0
0,0,0,0,75,264,-222,15.9210004806519,-8.41800022125244,1024.19006347656,-630,840,70,0,0,0,0
0,0,0,0,61.5,249,-225,13.9079999923706,-9.27200031280518,1021.68902587891,-700,910,70,0,0,0,0
0,0,0,0,54,229.5,-231,16.1040000915527,-8.29600048065186,1024.31201171875,-630,840,70,0,0,0,0
0,0,0,0,58.5,226.5,-238.5,12.5050001144409,-10.1260004043579,1020.95703125,-700,910,70,0,0,0,0
0,0,0,0,67.5,243,-237,16.8360004425049,-8.05200004577637,1024.43395996094,-630,840,70,0,0,0,0
0,0,0,0,72,261,-234,11.956000328064,-8.53999996185303,1020.89599609375,-630,910,70,0,0,0,0
0,0,0,0,70.5,268.5,-229.5,16.2870006561279,-9.94299983978271,1024.00695800781,-630,840,140,0,0,0,0
0,0,0,0,64.5,252,-223.5,15.5550003051758,-7.68599987030029,1023.70202636719,-630,910,70,0,0,0,0
0,0,0,0,54,238.5,-223.5,12.6269998550415,-10.6140003204346,1020.83502197266,-700,910,70,0,0,0,0
25.4921875,25.5256652832031,36.553955078125,101617.59375,46.5,225,-228,14.1520004272461,-9.88199996948242,1019.06604003906,-700,840,140,0,0,0,0
0,0,0,0,54,231,-234,16.7749996185303,-6.89300012588501,1026.38598632813,-630,770,70,0,0,0,0
0,0,0,0,66,249,-232.5,13.6640005111694,-11.5290002822876,1022.23803710938,-700,840,70,0,0,0,0
0,0,0,0,75,273,-225,15.7379999160767,-7.0149998664856,1022.90899658203,-700,770,70,0,0,0,0
0,0,0,0,75,264,-222,15.1890001296997,-9.94299983978271,1022.48199462891,-700,840,70,0,0,0,0
0,0,0,0,64.5,240,-225,15.9210004806519,-7.38100004196167,1023.88500976563,-700,910,70,0,0,0,0
0,0,0,0,54,223.5,-229.5,15.7379999160767,-10.3090000152588,1023.39703369141,-700,910,140,0,0,0,0
0,0,0,0,51,225,-237,13.6029996871948,-8.41800022125244,1022.11602783203,-700,910,140,0,0,0,0
0,0,0,0,60,244.5,-237,14.1520004272461,-8.23499965667725,1022.54302978516,-700,910,140,0,0,0,0
0,0,0,0,67.5,264,-226.5,15.4940004348755,-10.3090000152588,1023.15301513672,-700,910,140,0,0,0,0
25.4921875,25.5583953857422,36.5859985351563,101618.6015625,69,267,-219,15.25,-7.625,1024.00695800781,-700,910,70,0,0,0,0
0,0,0,0,63,241.5,-225,15.798999786377,-10.003999710083,1022.78698730469,-630,840,70,0,0,0,0
0,0,0,0,58.5,223.5,-229.5,16.7140007019043,-8.53999996185303,1024.2509765625,-630,840,70,0,0,0,0
0,0,0,0,54,222,-237,14.4569997787476,-9.08899974822998,1022.97003173828,-630,910,70,0,0,0,0
0,0,0,0,61.5,235.5,-238.5,15.7379999160767,-9.57699966430664,1023.64099121094,-630,840,70,0,0,0,0
0,0,0,0,73.5,253.5,-231,15.5550003051758,-7.625,1023.88500976563,-630,840,70,0,0,0,0
0,0,0,0,78,264,-226.5,15.1890001296997,-8.35700035095215,1023.15301513672,-700,910,70,0,0,0,0
0,0,0,0,72,253.5,-226.5,16.3479995727539,-9.02799987792969,1024.00695800781,-700,840,70,0,0,0,0
0,0,0,0,64.5,238.5,-228,14.9449996948242,-8.47900009155273,1023.03100585938,-700,840,70,0,0,0,0
0,0,0,0,58.5,223.5,-231,15.7379999160767,-9.57699966430664,1023.27502441406,-630,840,70,0,0,0,0
25.484375,25.5508422851563,36.58447265625,101621.625,58.5,232.5,-237,15.4330005645752,-7.80800008773804,1023.27502441406,-700,840,70,0,0,0,0
0,0,0,0,70.5,244.5,-232.5,14.7620000839233,-7.56400012969971,1023.15301513672,-700,910,70,0,0,0,0
0,0,0,0,85.5,261,-226.5,15.798999786377,-9.94299983978271,1023.82403564453,-630,910,70,0,0,0,0
0,0,0,0,79.5,268.5,-225,15.4940004348755,-8.35700035095215,1023.51898193359,-630,910,70,0,0,0,0
0,0,0,0,64.5,246,-229.5,15.798999786377,-10.003999710083,1023.4580078125,-630,840,70,0,0,0,0
0,0,0,0,57,225,-234,15.798999786377,-10.3699998855591,1023.03100585938,-700,840,70,0,0,0,0
0,0,0,0,55.5,223.5,-237,14.8839998245239,-7.56400012969971,1023.21398925781,-630,840,70,0,0,0,0
0,0,0,0,64.5,243,-231,15.8600006103516,-9.88199996948242,1023.51898193359,-630,910,70,0,0,0,0
0,0,0,0,70.5,262.5,-228,15.1890001296997,-8.29600048065186,1023.39703369141,-630,840,140,0,0,0,0
0,0,0,0,79.5,265.5,-229.5,15.3719997406006,-8.47900009155273,1023.4580078125,-700,840,70,0,0,0,0
0,0,0,0,75,252,-223.5,15.1890001296997,-9.63800048828125,1023.64099121094,-700,840,140,0,0,0,0
25.484375,25.5432891845703,36.7752075195313,101621.625,60,244.5,-228,14.8229999542236,-8.17399978637695,1023.27502441406,-700,840,70,0,0,0,0
0,0,0,0,51,232.5,-232.5,15.6160001754761,-9.63800048828125,1023.39703369141,-700,840,70,0,0,0,0
0,0,0,0,57,237,-231,15.3719997406006,-9.45499992370605,1023.03100585938,-700,840,140,0,0,0,0
0,0,0,0,69,249,-232.5,15.1890001296997,-8.11299991607666,1023.64099121094,-700,910,70,0,0,0,0
0,0,0,0,84,262.5,-223.5,15.3719997406006,-9.69900035858154,1023.09204101563,-700,840,70,0,0,0,0
0,0,0,0,84,264,-217.5,15.3719997406006,-7.93000030517578,1023.4580078125,-700,910,70,0,0,0,0
0,0,0,0,66,241.5,-225,14.701000213623,-7.93000030517578,1022.97003173828,-700,840,70,0,0,0,0
0,0,0,0,60,223.5,-232.5,15.9820003509521,-10.0650005340576,1023.64099121094,-700,840,70,0,0,0,0
0,0,0,0,60,229.5,-238.5,15.1890001296997,-8.17399978637695,1022.97003173828,-630,840,70,0,0,0,0
0,0,0,0,61.5,246,-231,15.5550003051758,-9.45499992370605,1023.09204101563,-700,840,140,0,0,0,0
25.484375,25.5307006835938,36.8133544921875,101621.625,64.5,259.5,-222,15.6770000457764,-9.21100044250488,1023.21398925781,-700,840,140,0,0,0,0
0,0,0,0,73.5,265.5,-223.5,15.3109998703003,-8.17399978637695,1022.97003173828,-700,840,70,0,0,0,0
0,0,0,0,64.5,247.5,-226.5,15.6160001754761,-10.1260004043579,1023.21398925781,-700,840,70,0,0,0,0
0,0,0,0,57,235.5,-228,15.3109998703003,-8.17399978637695,1023.09204101563,-700,910,70,0,0,0,0
0,0,0,0,54,226.5,-232.5,15.3109998703003,-9.21100044250488,1023.21398925781,-700,910,140,0,0,0,0
0,0,0,0,51,232.5,-235.5,15.0670003890991,-8.96700000762939,1023.03100585938,-630,840,140,0,0,0,0
0,0,0,0,57,250.5,-229.5,15.0670003890991,-8.84500026702881,1022.72601318359,-700,840,140,0,0,0,0
0,0,0,0,70.5,264,-219,15.6770000457764,-9.21100044250488,1023.15301513672,-700,840,70,0,0,0,0
0,0,0,0,75,261,-220.5,15.25,-9.02799987792969,1023.15301513672,-700,840,140,0,0,0,0
0,0,0,0,67.5,249,-226.5,15.4940004348755,-9.15000057220459,1023.03100585938,-700,910,140,0,0,0,0
25.484375,25.5432891845703,36.8240356445313,101620.6171875,54,232.5,-228,15.1890001296997,-8.35700035095215,1023.21398925781,-630,840,70,0,0,0,0
0,0,0,0,54,225,-234,15.5550003051758,-8.53999996185303,1023.39703369141,-630,840,70,0,0,0,0
0,0,0,0,64.5,241.5,-234,15.0670003890991,-8.78400039672852,1023.4580078125,-700,910,70,0,0,0,0
0,0,0,0,70.5,261,-231,15.0670003890991,-9.15000057220459,1022.90899658203,-700,840,70,0,0,0,0
0,0,0,0,75,264,-223.5,15.6160001754761,-8.84500026702881,1023.27502441406,-630,910,140,0,0,0,0
0,0,0,0,67.5,249,-222,15.4330005645752,-9.08899974822998,1022.97003173828,-630,840,70,0,0,0,0
0,0,0,0,63,235.5,-229.5,15.3719997406006,-8.78400039672852,1023.39703369141,-700,840,140,0,0,0,0
0,0,0,0,55.5,228,-234,15.6160001754761,-9.15000057220459,1023.09204101563,-630,840,140,0,0,0,0
0,0,0,0,57,234,-234,15.1890001296997,-9.39400005340576,1023.58001708984,-630,840,70,0,0,0,0
0,0,0,0,66,249,-231,15.3109998703003,-8.53999996185303,1023.09204101563,-700,910,70,0,0,0,0
0,0,0,0,70.5,262.5,-226.5,15.4330005645752,-8.9060001373291,1023.4580078125,-630,910,70,0,0,0,0
25.4765625,25.5256652832031,36.846923828125,101620.6171875,78,259.5,-223.5,14.9449996948242,-9.21100044250488,1022.90899658203,-700,910,70,0,0,0,0
0,0,0,0,69,246,-226.5,15.4940004348755,-9.08899974822998,1023.58001708984,-700,910,70,0,0,0,0
0,0,0,0,54,223.5,-234,15.1890001296997,-9.27200031280518,1023.4580078125,-700,910,70,0,0,0,0
0,0,0,0,55.5,226.5,-241.5,15.1890001296997,-9.39400005340576,1023.15301513672,-700,910,70,0,0,0,0
0,0,0,0,64.5,246,-237,15.3719997406006,-9.02799987792969,1023.33599853516,-700,910,70,0,0,0,0
0,0,0,0,72,264,-229.5,15.4330005645752,-8.29600048065186,1023.21398925781,-700,840,70,0,0,0,0
0,0,0,0,72,271.5,-225,15.0670003890991,-9.15000057220459,1023.15301513672,-630,840,70,0,0,0,0
0,0,0,0,69,256.5,-225,15.6160001754761,-8.9060001373291,1022.78698730469,-630,910,70,0,0,0,0
0,0,0,0,63,241.5,-229.5,15.3109998703003,-8.53999996185303,1022.97003173828,-700,910,70,0,0,0,0
0,0,0,0,52.5,225,-237,15.25,-8.96700000762939,1023.03100585938,-630,840,70,0,0,0,0
25.4765625,25.5382537841797,36.8392944335938,101620.6171875,57,231,-238.5,15.25,-8.53999996185303,1023.03100585938,-630,840,70,0,0,0,0
0,0,0,0,64.5,247.5,-229.5,15.1280002593994,-8.72300052642822,1023.33599853516,-700,910,70,0,0,0,0
0,0,0,0,73.5,261,-228,14.8839998245239,-8.84500026702881,1022.90899658203,-700,840,70,0,0,0,0
0,0,0,0,73.5,259.5,-228,15.1890001296997,-8.84500026702881,1022.84802246094,-700,840,70,0,0,0,0
0,0,0,0,60,250.5,-228,14.8229999542236,-8.78400039672852,1022.60400390625,-700,910,70,0,0,0,0
0,0,0,0,55.5,232.5,-234,15.1280002593994,-8.84500026702881,1023.15301513672,-630,840,70,0,0,0,0
0,0,0,0,58.5,231,-238.5,15.4940004348755,-8.60099983215332,1023.15301513672,-630,840,140,0,0,0,0
0,0,0,0,66,247.5,-231,15.0670003890991,-9.15000057220459,1022.6650390625,-630,840,140,0,0,0,0
0,0,0,0,73.5,262.5,-225,15.6160001754761,-9.45499992370605,1023.09204101563,-630,840,140,0,0,0,0
0,0,0,0,76.5,265.5,-220.5,15.0060005187988,-9.21100044250488,1022.84802246094,-700,840,70,0,0,0,0
25.4609375,25.5155944824219,36.8408203125,101622.6328125,70.5,252,-226.5,15.25,-8.9060001373291,1022.72601318359,-630,840,140,0,0,0,0
0,0,0,0,57,238.5,-231,15.25,-9.33300018310547,1023.15301513672,-630,910,70,0,0,0,0
0,0,0,0,52.5,231,-234,15.3109998703003,-8.29600048065186,1022.72601318359,-630,910,70,0,0,0,0
0,0,0,0,60,241.5,-234,15.6770000457764,-8.96700000762939,1022.72601318359,-630,840,70,0,0,0,0
0,0,0,0,64.5,253.5,-231,15.6160001754761,-8.96700000762939,1022.90899658203,-700,840,70,0,0,0,0
0,0,0,0,76.5,264,-228,15.25,-8.66199970245361,1022.48199462891,-630,840,70,0,0,0,0
0,0,0,0,75,253.5,-228,15.5550003051758,-9.02799987792969,1022.90899658203,-630,840,70,0,0,0,0
0,0,0,0,61.5,244.5,-232.5,14.8839998245239,-8.72300052642822,1022.54302978516,-700,840,140,0,0,0,0
0,0,0,0,54,231,-231,15.9210004806519,-9.08899974822998,1023.21398925781,-630,840,70,0,0,0,0
0,0,0,0,54,231,-235.5,14.8229999542236,-8.84500026702881,1023.03100585938,-700,840,70,0,0,0,0
0,0,0,0,61.5,247.5,-234,15.25,-9.27200031280518,1023.4580078125,-700,840,70,0,0,0,0
25.4609375,25.5030059814453,36.7874145507813,101621.625,75,265.5,-231,15.0060005187988,-8.96700000762939,1022.78698730469,-630,840,140,0,0,0,0
0,0,0,0,78,267,-226.5,14.8839998245239,-8.84500026702881,1022.90899658203,-700,910,70,0,0,0,0
0,0,0,0,67.5,253.5,-226.5,15.6160001754761,-9.02799987792969,1023.70202636719,-700,840,70,0,0,0,0
0,0,0,0,55.5,234,-226.5,15.25,-8.41800022125244,1023.09204101563,-630,840,70,0,0,0,0
0,0,0,0,49.5,222,-231,15.798999786377,-8.53999996185303,1022.97003173828,-700,840,70,0,0,0,0
0,0,0,0,55.5,234,-235.5,14.7620000839233,-9.15000057220459,1022.78698730469,-630,910,70,0,0,0,0
0,0,0,0,72,264,-228,15.3109998703003,-8.53999996185303,1022.78698730469,-630,910,70,0,0,0,0
0,0,0,0,78,273,-223.5,15.6770000457764,-8.78400039672852,1022.72601318359,-700,840,70,0,0,0,0
0,0,0,0,63,256.5,-225,15.5550003051758,-8.53999996185303,1022.72601318359,-700,840,70,0,0,0,0
0,0,0,0,58.5,243,-231,14.6400003433228,-8.84500026702881,1022.6650390625,-630,840,140,0,0,0,0
25.4453125,25.5105590820313,36.700439453125,101622.6328125,51,226.5,-235.5,15.1890001296997,-9.39400005340576,1022.97003173828,-700,840,70,0,0,0,0
0,0,0,0,52.5,235.5,-235.5,14.9449996948242,-8.84500026702881,1022.42102050781,-700,840,140,0,0,0,0
0,0,0,0,58.5,249,-226.5,15.25,-8.66199970245361,1023.15301513672,-700,840,140,0,0,0,0
0,0,0,0,73.5,270,-220.5,15.0060005187988,-9.27200031280518,1022.90899658203,-700,910,140,0,0,0,0
0,0,0,0,76.5,265.5,-216,15.4940004348755,-9.02799987792969,1023.21398925781,-700,910,70,0,0,0,0
0,0,0,0,60,246,-217.5,15.4940004348755,-9.08899974822998,1023.09204101563,-630,840,140,0,0,0,0
0,0,0,0,49.5,228,-228,15.4330005645752,-9.02799987792969,1023.4580078125,-700,840,70,0,0,0,0
0,0,0,0,52.5,222,-235.5,15.1890001296997,-8.9060001373291,1022.97003173828,-700,840,140,0,0,0,0
0,0,0,0,66,241.5,-235.5,15.6770000457764,-8.78400039672852,1022.84802246094,-700,840,140,0,0,0,0
0,0,0,0,76.5,262.5,-229.5,15.4330005645752,-8.96700000762939,1023.39703369141,-700,840,70,0,0,0,0
25.4609375,25.5181121826172,36.6928100585938,101624.6484375,76.5,268.5,-219,15.1280002593994,-8.60099983215332,1023.27502441406,-700,840,70,0,0,0,0
0,0,0,0,69,253.5,-226.5,15.3719997406006,-8.96700000762939,1023.39703369141,-700,840,70,0,0,0,0
0,0,0,0,63,237,-231,14.7620000839233,-8.41800022125244,1023.03100585938,-630,910,70,0,0,0,0
0,0,0,0,60,231,-231,15.3719997406006,-9.33300018310547,1023.21398925781,-630,910,70,0,0,0,0
0,0,0,0,60,240,-237,15.798999786377,-9.33300018310547,1023.21398925781,-630,840,70,0,0,0,0
0,0,0,0,66,252,-231,15.0670003890991,-8.66199970245361,1023.27502441406,-700,840,140,0,0,0,0
0,0,0,0,75,268.5,-223.5,15.798999786377,-9.08899974822998,1023.33599853516,-700,910,140,0,0,0,0
0,0,0,0,72,258,-223.5,15.1280002593994,-9.21100044250488,1023.21398925781,-630,910,140,0,0,0,0
0,0,0,0,64.5,238.5,-226.5,15.7379999160767,-8.29600048065186,1021.07904052734,-700,1120,140,0,0,0,0
0,0,0,0,52.5,225,-229.5,15.0670003890991,-10.1260004043579,1025.34899902344,-630,910,70,0,0,0,0
0,0,0,0,49.5,228,-232.5,12.2609996795654,-7.93000030517578,1021.50598144531,-700,840,70,0,0,0,0
25.4609375,25.5055236816406,36.7034912109375,101622.6328125,61.5,243,-231,16.3479995727539,-9.45499992370605,1024.06799316406,-630,840,70,0,0,0,0
0,0,0,0,67.5,256.5,-226.5,13.1760005950928,-11.2239999771118,1021.81103515625,-700,910,70,0,0,0,0
0,0,0,0,69,261,-223.5,16.1040000915527,-7.13700008392334,1025.10498046875,-630,840,70,0,0,0,0
0,0,0,0,66,250.5,-228,15.4330005645752,-10.4309997558594,1022.84802246094,-700,840,70,0,0,0,0
0,0,0,0,64.5,234,-231,13.9689998626709,-7.38100004196167,1022.72601318359,-700,840,70,0,0,0,0
0,0,0,0,58.5,226.5,-241.5,14.3959999084473,-6.58800029754639,1023.64099121094,-700,840,140,0,0,0,0
0,0,0,0,58.5,240,-244.5,15.0060005187988,-11.2849998474121,1022.42102050781,-630,840,140,0,0,0,0
0,0,0,0,66,255,-229.5,15.4940004348755,-6.71000003814697,1023.76300048828,-630,840,140,0,0,0,0
0,0,0,0,75,267,-217.5,14.7620000839233,-10.7969999313354,1022.60400390625,-700,840,140,0,0,0,0
0,0,0,0,78,259.5,-223.5,15.1890001296997,-10.6750001907349,1023.03100585938,-630,910,140,0,0,0,0
25.4609375,25.5080413818359,36.7141723632813,101622.6328125,67.5,244.5,-232.5,14.6400003433228,-7.56400012969971,1023.27502441406,-630,840,70,0,0,0,0
0,0,0,0,52.5,232.5,-238.5,14.5790004730225,-9.76000022888184,1023.09204101563,-630,840,70,0,0,0,0
0,0,0,0,51,234,-238.5,15.5550003051758,-8.35700035095215,1023.27502441406,-630,840,140,0,0,0,0
0,0,0,0,60,249,-235.5,15.1280002593994,-8.35700035095215,1023.76300048828,-700,840,140,0,0,0,0
0,0,0,0,72,270,-231,14.6400003433228,-9.21100044250488,1022.78698730469,-700,840,140,0,0,0,0
0,0,0,0,75,268.5,-222,14.3959999084473,-8.78400039672852,1023.09204101563,-700,840,70,0,0,0,0
0,0,0,0,63,246,-226.5,14.8229999542236,-8.60099983215332,1022.84802246094,-630,910,70,0,0,0,0
0,0,0,0,55.5,225,-232.5,15.0060005187988,-9.69900035858154,1023.82403564453,-700,840,70,0,0,0,0
0,0,0,0,57,229.5,-237,12.5050001144409,-8.47900009155273,1022.23803710938,-700,840,140,0,0,0,0
0,0,0,0,58.5,246,-238.5,16.8969993591309,-8.96700000762939,1023.27502441406,-700,840,140,0,0,0,0
25.453125,25.4954528808594,36.7156982421875,101624.6484375,66,255,-234,14.4569997787476,-8.9060001373291,1023.03100585938,-700,840,70,0,0,0,0
0,0,0,0,72,264,-231,15.6160001754761,-8.23499965667725,1024.06799316406,-700,840,140,0,0,0,0
0,0,0,0,64.5,252,-225,14.701000213623,-9.27200031280518,1022.54302978516,-700,910,140,0,0,0,0
0,0,0,0,55.5,234,-231,14.0299997329712,-8.84500026702881,1022.54302978516,-700,840,70,0,0,0,0
0,0,0,0,49.5,225,-243,15.0670003890991,-9.21100044250488,1023.70202636719,-700,840,70,0,0,0,0
0,0,0,0,51,232.5,-240,15.1280002593994,-9.33300018310547,1023.21398925781,-700,910,140,0,0,0,0
0,0,0,0,63,250.5,-231,15.0060005187988,-8.96700000762939,1023.33599853516,-700,840,140,0,0,0,0
0,0,0,0,75,270,-225,14.5180006027222,-9.15000057220459,1023.03100585938,-700,840,70,0,0,0,0
0,0,0,0,72,262.5,-220.5,14.6400003433228,-8.84500026702881,1023.03100585938,-630,840,70,0,0,0,0
0,0,0,0,67.5,244.5,-225,14.2130002975464,-8.9060001373291,1022.48199462891,-700,910,70,0,0,0,0
0,0,0,0,61.5,226.5,-228,15.3109998703003,-9.02799987792969,1023.58001708984,-700,840,140,0,0,0,0
25.4375,25.4979705810547,36.7019653320313,101623.640625,52.5,225,-231,14.6400003433228,-9.21100044250488,1022.72601318359,-700,910,140,0,0,0,0
0,0,0,0,58.5,246,-234,14.6400003433228,-9.39400005340576,1022.84802246094,-700,840,140,0,0,0,0
0,0,0,0,69,267,-231,15.0670003890991,-8.66199970245361,1022.60400390625,-630,840,140,0,0,0,0
0,0,0,0,73.5,268.5,-229.5,15.0670003890991,-9.08899974822998,1022.72601318359,-700,910,140,0,0,0,0
0,0,0,0,70.5,250.5,-228,15.1280002593994,-9.02799987792969,1023.51898193359,-630,910,140,0,0,0,0
0,0,0,0,64.5,235.5,-229.5,15.0060005187988,-8.96700000762939,1022.97003173828,-630,840,70,0,0,0,0
0,0,0,0,52.5,223.5,-232.5,15.1280002593994,-8.72300052642822,1023.39703369141,-700,910,70,0,0,0,0
0,0,0,0,51,234,-232.5,14.8229999542236,-9.08899974822998,1022.78698730469,-700,910,70,0,0,0,0
0,0,0,0,61.5,252,-232.5,14.4569997787476,-9.08899974822998,1022.48199462891,-700,910,140,0,0,0,0
0,0,0,0,70.5,267,-229.5,15.3719997406006,-8.78400039672852,1023.4580078125,-700,840,70,0,0,0,0
25.4296875,25.4904174804688,36.7034912109375,101626.6640625,73.5,256.5,-223.5,14.701000213623,-8.78400039672852,1022.90899658203,-700,910,140,0,0,0,0
0,0,0,0,70.5,240,-226.5,15.25,-8.72300052642822,1020.83502197266,-700,910,140,0,0,0,0
0,0,0,0,58.5,223.5,-228,15.9210004806519,-8.41800022125244,1026.20300292969,-700,840,70,0,0,0,0
0,0,0,0,55.5,223.5,-226.5,12.5659999847412,-9.15000057220459,1020.0419921875,-700,910,140,0,0,0,0
0,0,0,0,64.5,238.5,-232.5,15.1280002593994,-8.35700035095215,1023.09204101563,-700,840,70,0,0,0,0
0,0,0,0,75,261,-234,14.5790004730225,-9.76000022888184,1022.29901123047,-630,840,70,0,0,0,0
0,0,0,0,79.5,267,-223.5,15.0060005187988,-8.11299991607666,1023.21398925781,-630,840,70,0,0,0,0
0,0,0,0,69,247.5,-216,15.3109998703003,-9.82100009918213,1023.4580078125,-630,840,140,0,0,0,0
0,0,0,0,64.5,234,-223.5,15.4330005645752,-9.88199996948242,1023.21398925781,-630,840,70,0,0,0,0
0,0,0,0,66,225,-231,15.0060005187988,-8.35700035095215,1022.78698730469,-700,910,70,0,0,0,0
25.4296875,25.4778289794922,36.6928100585938,101625.65625,67.5,235.5,-231,15.1280002593994,-10.1260004043579,1023.03100585938,-630,840,70,0,0,0,0
0,0,0,0,69,246,-226.5,14.1520004272461,-7.93000030517578,1022.84802246094,-700,840,140,0,0,0,0
0,0,0,0,75,265.5,-220.5,14.4569997787476,-8.05200004577637,1023.09204101563,-700,840,70,0,0,0,0
0,0,0,0,70.5,264,-225,15.4330005645752,-10.1260004043579,1022.60400390625,-630,840,70,0,0,0,0
0,0,0,0,64.5,247.5,-234,15.1280002593994,-8.17399978637695,1023.4580078125,-700,840,70,0,0,0,0
0,0,0,0,55.5,228,-238.5,15.4330005645752,-9.82100009918213,1022.6650390625,-630,840,70,0,0,0,0
0,0,0,0,46.5,223.5,-240,15.1280002593994,-8.96700000762939,1023.15301513672,-700,840,70,0,0,0,0
0,0,0,0,54,246,-229.5,14.8839998245239,-8.35700035095215,1022.97003173828,-630,840,140,0,0,0,0
0,0,0,0,75,264,-225,15.4330005645752,-9.15000057220459,1023.51898193359,-700,840,70,0,0,0,0
0,0,0,0,75,264,-225,15.0670003890991,-8.72300052642822,1023.15301513672,-630,840,70,0,0,0,0
0,0,0,0,63,250.5,-225,15.6160001754761,-8.53999996185303,1022.90899658203,-630,840,140,0,0,0,0
25.4375,25.4954528808594,36.6973876953125,101626.6640625,64.5,232.5,-229.5,15.5550003051758,-9.15000057220459,1022.84802246094,-700,910,70,0,0,0,0
0,0,0,0,52.5,220.5,-237,15.1890001296997,-9.08899974822998,1022.97003173828,-700,910,140,0,0,0,0
0,0,0,0,49.5,238.5,-235.5,15.4940004348755,-8.72300052642822,1022.90899658203,-700,840,70,0,0,0,0
0,0,0,0,64.5,255,-228,15.3109998703003,-9.21100044250488,1023.03100585938,-630,840,140,0,0,0,0
0,0,0,0,76.5,264,-225,15.0060005187988,-8.9060001373291,1022.78698730469,-630,840,140,0,0,0,0
0,0,0,0,76.5,253.5,-223.5,15.1280002593994,-8.60099983215332,1023.15301513672,-700,910,70,0,0,0,0
0,0,0,0,67.5,240,-231,15.25,-9.33300018310547,1022.54302978516,-700,840,140,0,0,0,0
0,0,0,0,54,225,-228,15.3109998703003,-8.96700000762939,1022.97003173828,-700,840,70,0,0,0,0
0,0,0,0,58.5,223.5,-226.5,14.8839998245239,-8.41800022125244,1023.39703369141,-700,840,70,0,0,0,0
0,0,0,0,70.5,238.5,-234,15.8600006103516,-8.96700000762939,1023.39703369141,-700,840,140,0,0,0,0
25.4296875,25.4828643798828,36.7111206054688,101626.6640625,81,262.5,-231,15.1890001296997,-8.60099983215332,1023.21398925781,-630,840,70,0,0,0,0
0,0,0,0,81,267,-222,15.25,-8.9060001373291,1023.03100585938,-630,840,140,0,0,0,0
0,0,0,0,66,249,-225,15.0060005187988,-9.02799987792969,1023.03100585938,-630,840,70,0,0,0,0
0,0,0,0,55.5,232.5,-231,14.9449996948242,-8.9060001373291,1023.03100585938,-700,840,70,0,0,0,0
0,0,0,0,51,229.5,-231,15.4940004348755,-9.27200031280518,1023.33599853516,-630,840,70,0,0,0,0
0,0,0,0,55.5,240,-229.5,15.0060005187988,-9.27200031280518,1023.03100585938,-700,840,140,0,0,0,0
0,0,0,0,66,258,-232.5,15.1280002593994,-8.66199970245361,1022.78698730469,-700,840,70,0,0,0,0
0,0,0,0,78,264,-226.5,15.7379999160767,-9.33300018310547,1023.15301513672,-700,840,70,0,0,0,0
0,0,0,0,72,250.5,-223.5,15.0670003890991,-8.17399978637695,1023.15301513672,-630,840,70,0,0,0,0
0,0,0,0,57,241.5,-231,15.0060005187988,-7.99100017547607,1023.15301513672,-700,840,140,0,0,0,0
25.4296875,25.4853820800781,36.6973876953125,101627.671875,51,229.5,-235.5,15.3109998703003,-9.21100044250488,1022.72601318359,-700,910,140,0,0,0,0
0,0,0,0,52.5,234,-238.5,15.0060005187988,-8.66199970245361,1023.27502441406,-630,840,70,0,0,0,0
0,0,0,0,61.5,249,-232.5,15.3109998703003,-9.45499992370605,1022.60400390625,-630,840,140,0,0,0,0
0,0,0,0,76.5,261,-223.5,15.798999786377,-8.84500026702881,1023.21398925781,-630,840,140,0,0,0,0
0,0,0,0,78,256.5,-223.5,15.0060005187988,-8.9060001373291,1022.72601318359,-630,840,140,0,0,0,0
0,0,0,0,67.5,243,-226.5,15.25,-9.02799987792969,1023.33599853516,-700,840,140,0,0,0,0
0,0,0,0,52.5,231,-225,14.8229999542236,-8.78400039672852,1023.09204101563,-700,840,70,0,0,0,0
0,0,0,0,55.5,231,-234,14.7620000839233,-8.66199970245361,1023.03100585938,-700,840,70,0,0,0,0
0,0,0,0,63,244.5,-238.5,15.7379999160767,-9.33300018310547,1023.39703369141,-700,840,70,0,0,0,0
0,0,0,0,67.5,261,-229.5,14.8839998245239,-8.78400039672852,1022.84802246094,-700,910,140,0,0,0,0
0,0,0,0,72,267,-219,15.3719997406006,-9.45499992370605,1023.15301513672,-630,840,70,0,0,0,0
25.4296875,25.4778289794922,36.7935180664063,101626.6640625,66,255,-214.5,15.0670003890991,-9.02799987792969,1023.03100585938,-630,840,70,0,0,0,0
0,0,0,0,58.5,235.5,-222,15.3109998703003,-8.41800022125244,1023.33599853516,-630,840,70,0,0,0,0
0,0,0,0,54,228,-232.5,15.3109998703003,-9.08899974822998,1022.72601318359,-630,840,70,0,0,0,0
0,0,0,0,58.5,240,-235.5,15.3109998703003,-9.02799987792969,1022.90899658203,-700,910,70,0,0,0,0
0,0,0,0,61.5,253.5,-232.5,15.4940004348755,-9.39400005340576,1023.15301513672,-700,840,70,0,0,0,0
0,0,0,0,76.5,265.5,-226.5,15.4330005645752,-8.35700035095215,1023.39703369141,-700,840,70,0,0,0,0
0,0,0,0,78,259.5,-226.5,14.9449996948242,-9.57699966430664,1022.54302978516,-700,840,70,0,0,0,0
0,0,0,0,60,243,-231,14.7620000839233,-8.35700035095215,1023.21398925781,-700,840,140,0,0,0,0
0,0,0,0,52.5,229.5,-235.5,15.0060005187988,-8.53999996185303,1022.97003173828,-700,910,140,0,0,0,0
0,0,0,0,55.5,232.5,-232.5,14.9449996948242,-8.53999996185303,1023.15301513672,-700,840,70,0,0,0,0
25.4296875,25.4652404785156,36.8377685546875,101624.6484375,61.5,246,-228,15.0060005187988,-8.53999996185303,1022.84802246094,-630,840,70,0,0,0,0
0,0,0,0,67.5,264,-225,15.7379999160767,-9.39400005340576,1023.4580078125,-700,840,70,0,0,0,0
0,0,0,0,72,268.5,-219,15.0670003890991,-9.51599979400635,1023.21398925781,-700,840,140,0,0,0,0
0,0,0,0,67.5,249,-220.5,15.1280002593994,-8.23499965667725,1023.03100585938,-700,840,70,0,0,0,0
0,0,0,0,61.5,234,-232.5,15.25,-9.45499992370605,1023.15301513672,-700,910,70,0,0,0,0
0,0,0,0,54,234,-240,14.9449996948242,-8.66199970245361,1022.72601318359,-700,910,70,0,0,0,0
0,0,0,0,60,241.5,-237,14.4569997787476,-8.66199970245361,1022.78698730469,-630,910,140,0,0,0,0
0,0,0,0,73.5,258,-229.5,15.4940004348755,-9.63800048828125,1023.21398925781,-630,840,140,0,0,0,0
0,0,0,0,79.5,268.5,-222,14.335000038147,-8.11299991607666,1022.48199462891,-700,910,70,0,0,0,0
0,0,0,0,76.5,256.5,-228,15.4330005645752,-9.69900035858154,1023.15301513672,-700,840,140,0,0,0,0
25.421875,25.4828643798828,36.8728637695313,101625.65625,63,240,-232.5,15.798999786377,-9.88199996948242,1022.54302978516,-630,840,70,0,0,0,0
0,0,0,0,57,228,-238.5,14.7620000839233,-8.11299991607666,1022.84802246094,-700,910,70,0,0,0,0
0,0,0,0,60,237,-241.5,15.9210004806519,-9.63800048828125,1023.58001708984,-700,840,70,0,0,0,0
0,0,0,0,63,250.5,-226.5,14.5180006027222,-8.35700035095215,1022.72601318359,-630,840,70,0,0,0,0
0,0,0,0,75,268.5,-222,14.8839998245239,-7.80800008773804,1023.76300048828,-700,910,70,0,0,0,0
0,0,0,0,75,264,-223.5,13.9079999923706,-10.9800004959106,1021.93298339844,-700,1120,70,0,0,0,0
0,0,0,0,64.5,244.5,-223.5,16.1650009155273,-7.13700008392334,1024.12902832031,-700,910,70,0,0,0,0
0,0,0,0,55.5,231,-232.5,13.4809999465942,-10.3090000152588,1022.60400390625,-630,910,70,0,0,0,0
0,0,0,0,54,231,-241.5,17.4460010528564,-9.94299983978271,1024.61706542969,-630,840,70,0,0,0,0
0,0,0,0,57,241.5,-241.5,12.0170001983643,-8.66199970245361,1021.56701660156,-700,910,70,0,0,0,0
0,0,0,0,69,259.5,-232.5,17.0190010070801,-9.57699966430664,1024.67797851563,-630,840,70,0,0,0,0
25.421875,25.4652404785156,36.87744140625,101628.6796875,70.5,258,-226.5,13.0539999008179,-8.47900009155273,1021.93298339844,-700,910,70,0,0,0,0
0,0,0,0,60,244.5,-226.5,12.871000289917,-8.35700035095215,1021.62799072266,-700,910,70,0,0,0,0
0,0,0,0,57,231,-231,17.3239994049072,-9.27200031280518,1025.41003417969,-630,840,70,0,0,0,0
0,0,0,0,57,228,-238.5,12.9930000305176,-7.86899995803833,1021.62799072266,-630,910,70,0,0,0,0
0,0,0,0,63,247.5,-234,17.3239994049072,-10.1260004043579,1024.49499511719,-630,840,70,0,0,0,0
0,0,0,0,69,261,-217.5,17.2630004882813,-9.94299983978271,1025.28796386719,-630,840,70,0,0,0,0
0,0,0,0,73.5,262.5,-217.5,13.7250003814697,-6.64900016784668,1022.84802246094,-700,910,70,0,0,0,0
0,0,0,0,70.5,250.5,-226.5,13.1149997711182,-11.956000328064,1020.89599609375,-630,910,70,0,0,0,0
0,0,0,0,58.5,237,-226.5,16.0429992675781,-5.79500007629395,1025.04406738281,-630,840,70,0,0,0,0
0,0,0,0,51,231,-228,9.45499992370605,-6.77099990844727,1019.73699951172,-700,980,140,0,0,0,0
25.421875,25.4929351806641,36.8881225585938,101627.671875,52.5,244.5,-232.5,20.2520008087158,-10.492000579834,1026.44702148438,-630,910,70,0,0,0,0
0,0,0,0,63,261,-231,12.3830003738403,-6.46600008010864,1022.97003173828,-700,910,140,0,0,0,0
0,0,0,0,78,267,-228,10.7360000610352,-13.2370004653931,1019.06604003906,-630,910,140,0,0,0,0
0,0,0,0,73.5,256.5,-223.5,14.8229999542236,-12.3830003738403,1022.29901123047,-700,700,70,0,0,0,0
0,0,0,0,63,247.5,-225,11.8340005874634,-5.97800016403198,1021.62799072266,-700,770,70,0,0,0,0
0,0,0,0,60,234,-232.5,19.7639999389648,-11.6510000228882,1026.50805664063,-630,770,70,0,0,0,0
0,0,0,0,57,234,-235.5,11.7119998931885,-7.32000017166138,1021.38403320313,-700,840,70,0,0,0,0
0,0,0,0,60,252,-229.5,17.3850002288818,-7.25900030136108,1025.166015625,-700,840,70,0,0,0,0
0,0,0,0,75,265.5,-228,12.7490005493164,-9.88199996948242,1020.89599609375,-700,910,70,0,0,0,0
0,0,0,0,81,259.5,-228,15.7379999160767,-8.53999996185303,1023.58001708984,-630,840,70,0,0,0,0
25.421875,25.4803466796875,36.92626953125,101627.671875,69,246,-232.5,15.798999786377,-8.9060001373291,1024.2509765625,-630,840,70,0,0,0,0
0,0,0,0,55.5,229.5,-234,15.25,-8.72300052642822,1023.15301513672,-630,840,140,0,0,0,0
0,0,0,0,55.5,231,-235.5,15.798999786377,-8.96700000762939,1023.39703369141,-700,840,140,0,0,0,0
0,0,0,0,61.5,246,-231,14.3959999084473,-8.84500026702881,1022.6650390625,-630,840,140,0,0,0,0
0,0,0,0,66,264,-223.5,15.6160001754761,-9.51599979400635,1022.97003173828,-630,840,70,0,0,0,0
0,0,0,0,72,265.5,-225,14.6400003433228,-9.69900035858154,1023.03100585938,-700,910,70,0,0,0,0
0,0,0,0,67.5,244.5,-232.5,15.0670003890991,-8.47900009155273,1022.84802246094,-700,910,70,0,0,0,0
0,0,0,0,61.5,232.5,-237,15.4940004348755,-9.45499992370605,1023.4580078125,-700,840,70,0,0,0,0
0,0,0,0,57,234,-240,14.7620000839233,-8.29600048065186,1022.78698730469,-700,910,70,0,0,0,0
0,0,0,0,61.5,243,-237,15.8600006103516,-8.72300052642822,1023.51898193359,-630,840,70,0,0,0,0
25.40625,25.4526519775391,36.9491577148438,101628.6796875,70.5,253.5,-229.5,14.5180006027222,-8.9060001373291,1022.23803710938,-700,910,70,0,0,0,0
0,0,0,0,73.5,258,-225,15.6770000457764,-8.66199970245361,1023.33599853516,-700,910,70,0,0,0,0
0,0,0,0,66,247.5,-222,15.3109998703003,-9.33300018310547,1022.90899658203,-700,910,70,0,0,0,0
0,0,0,0,60,234,-226.5,15.0060005187988,-9.02799987792969,1022.6650390625,-700,910,70,0,0,0,0
0,0,0,0,57,225,-238.5,15.3109998703003,-8.72300052642822,1023.39703369141,-630,840,70,0,0,0,0
0,0,0,0,63,237,-237,14.701000213623,-9.02799987792969,1022.78698730469,-700,840,70,0,0,0,0
0,0,0,0,70.5,252,-231,15.3719997406006,-9.08899974822998,1023.03100585938,-630,840,70,0,0,0,0
0,0,0,0,73.5,261,-228,15.5550003051758,-8.78400039672852,1023.33599853516,-630,840,70,0,0,0,0
0,0,0,0,72,252,-225,15.1280002593994,-9.57699966430664,1022.97003173828,-630,840,70,0,0,0,0
0,0,0,0,61.5,238.5,-226.5,15.5550003051758,-8.53999996185303,1023.33599853516,-700,840,140,0,0,0,0
0,0,0,0,48,229.5,-235.5,14.5180006027222,-9.57699966430664,1022.84802246094,-700,840,70,0,0,0,0
25.421875,25.4702758789063,36.962890625,101630.6953125,49.5,231,-232.5,15.1280002593994,-7.99100017547607,1023.09204101563,-700,910,70,0,0,0,0
0,0,0,0,64.5,250.5,-229.5,15.1280002593994,-9.45499992370605,1022.84802246094,-700,840,70,0,0,0,0
0,0,0,0,75,267,-226.5,14.8839998245239,-8.84500026702881,1022.84802246094,-630,910,70,0,0,0,0
0,0,0,0,76.5,261,-217.5,15.7379999160767,-9.27200031280518,1022.90899658203,-630,840,70,0,0,0,0
0,0,0,0,66,244.5,-226.5,15.3109998703003,-9.39400005340576,1023.21398925781,-630,840,70,0,0,0,0
0,0,0,0,58.5,228,-231,15.4330005645752,-8.53999996185303,1023.09204101563,-700,840,70,0,0,0,0
0,0,0,0,63,226.5,-229.5,15.0060005187988,-9.21100044250488,1022.84802246094,-630,840,70,0,0,0,0
0,0,0,0,69,240,-231,15.0670003890991,-8.84500026702881,1023.03100585938,-700,840,70,0,0,0,0
0,0,0,0,72,258,-223.5,15.0060005187988,-9.08899974822998,1022.6650390625,-700,840,140,0,0,0,0
0,0,0,0,72,264,-220.5,15.1890001296997,-8.66199970245361,1023.27502441406,-630,840,70,0,0,0,0
25.4140625,25.4778289794922,36.9735717773438,101629.6875,64.5,250.5,-225,15.1890001296997,-8.96700000762939,1022.97003173828,-630,840,140,0,0,0,0
0,0,0,0,52.5,228,-228,15.6160001754761,-8.78400039672852,1022.97003173828,-700,840,70,0,0,0,0
0,0,0,0,49.5,222,-231,15.798999786377,-9.33300018310547,1022.90899658203,-700,910,140,0,0,0,0
0,0,0,0,58.5,243,-231,15.0670003890991,-8.78400039672852,1023.09204101563,-700,910,70,0,0,0,0
0,0,0,0,70.5,265.5,-229.5,15.25,-8.84500026702881,1023.15301513672,-700,840,70,0,0,0,0
0,0,0,0,72,268.5,-225,15.4330005645752,-8.78400039672852,1022.97003173828,-630,840,140,0,0,0,0
0,0,0,0,63,253.5,-231,14.8229999542236,-8.41800022125244,1023.09204101563,-700,910,70,0,0,0,0
0,0,0,0,57,237,-231,15.4940004348755,-9.94299983978271,1023.21398925781,-700,840,70,0,0,0,0
0,0,0,0,55.5,232.5,-235.5,15.0060005187988,-8.72300052642822,1022.6650390625,-700,840,70,0,0,0,0
0,0,0,0,54,246,-238.5,15.25,-9.51599979400635,1022.6650390625,-630,840,70,0,0,0,0
25.40625,25.4450988769531,37.0086669921875,101629.6875,64.5,264,-226.5,15.3109998703003,-9.51599979400635,1023.03100585938,-700,840,70,0,0,0,0
0,0,0,0,73.5,271.5,-223.5,15.1890001296997,-8.84500026702881,1023.15301513672,-630,840,70,0,0,0,0
0,0,0,0,69,255,-220.5,15.0060005187988,-9.02799987792969,1023.15301513672,-700,840,70,0,0,0,0
0,0,0,0,61.5,234,-225,15.3109998703003,-8.96700000762939,1022.84802246094,-630,840,70,0,0,0,0
0,0,0,0,54,226.5,-231,14.8839998245239,-8.66199970245361,1023.03100585938,-630,840,140,0,0,0,0
0,0,0,0,63,238.5,-234,15.4940004348755,-8.96700000762939,1022.60400390625,-700,840,140,0,0,0,0
0,0,0,0,72,255,-234,15.4940004348755,-9.02799987792969,1023.03100585938,-700,840,70,0,0,0,0
0,0,0,0,73.5,267,-223.5,15.4330005645752,-9.27200031280518,1022.97003173828,-700,840,70,0,0,0,0
0,0,0,0,75,256.5,-219,15.4940004348755,-9.33300018310547,1023.03100585938,-630,840,70,0,0,0,0
0,0,0,0,67.5,235.5,-225,14.7620000839233,-9.15000057220459,1022.90899658203,-630,840,70,0,0,0,0
0,0,0,0,57,228,-237,15.3719997406006,-8.84500026702881,1022.97003173828,-700,840,70,0,0,0,0
25.3984375,25.4476165771484,36.9461059570313,101631.703125,57,238.5,-241.5,15.1280002593994,-9.21100044250488,1023.27502441406,-700,840,140,0,0,0,0
0,0,0,0,61.5,250.5,-232.5,15.7379999160767,-9.08899974822998,1023.09204101563,-700,910,70,0,0,0,0
0,0,0,0,69,259.5,-229.5,15.0670003890991,-8.96700000762939,1022.90899658203,-700,910,140,0,0,0,0
0,0,0,0,76.5,259.5,-226.5,14.8839998245239,-8.78400039672852,1023.03100585938,-630,910,70,0,0,0,0
0,0,0,0,66,244.5,-228,15.3719997406006,-8.78400039672852,1022.97003173828,-700,910,70,0,0,0,0
0,0,0,0,51,226.5,-234,15.25,-8.53999996185303,1022.78698730469,-700,910,140,0,0,0,0
0,0,0,0,52.5,231,-232.5,15.4940004348755,-9.33300018310547,1023.15301513672,-630,910,70,0,0,0,0
0,0,0,0,66,246,-228,15.25,-8.47900009155273,1023.58001708984,-630,910,70,0,0,0,0
0,0,0,0,73.5,262.5,-225,15.6160001754761,-8.72300052642822,1022.90899658203,-700,910,70,0,0,0,0
0,0,0,0,70.5,258,-219,15.4330005645752,-8.41800022125244,1023.33599853516,-700,840,70,0,0,0,0
25.3984375,25.4400634765625,36.9171142578125,101631.703125,64.5,238.5,-225,15.4940004348755,-9.02799987792969,1022.84802246094,-630,840,70,0,0,0,0
0,0,0,0,60,225,-235.5,15.0670003890991,-8.72300052642822,1022.72601318359,-630,840,70,0,0,0,0
0,0,0,0,57,226.5,-237,15.4330005645752,-8.84500026702881,1023.27502441406,-700,840,70,0,0,0,0
0,0,0,0,67.5,243,-237,14.9449996948242,-9.33300018310547,1022.84802246094,-630,840,70,0,0,0,0
0,0,0,0,79.5,262.5,-231,15.9210004806519,-8.53999996185303,1023.03100585938,-630,840,70,0,0,0,0
0,0,0,0,73.5,261,-223.5,15.1280002593994,-9.15000057220459,1022.72601318359,-700,910,70,0,0,0,0
0,0,0,0,58.5,243,-223.5,15.6160001754761,-9.02799987792969,1022.84802246094,-700,840,70,0,0,0,0
0,0,0,0,55.5,232.5,-226.5,15.3109998703003,-9.15000057220459,1022.84802246094,-700,910,70,0,0,0,0
0,0,0,0,61.5,228,-231,14.9449996948242,-8.84500026702881,1022.84802246094,-630,910,70,0,0,0,0
0,0,0,0,67.5,241.5,-228,15.4940004348755,-8.66199970245361,1022.84802246094,-700,840,70,0,0,0,0
25.3984375,25.4274749755859,36.9430541992188,101633.71875,70.5,264,-226.5,14.8229999542236,-8.9060001373291,1022.78698730469,-630,840,140,0,0,0,0
0,0,0,0,76.5,271.5,-222,15.7379999160767,-8.9060001373291,1022.90899658203,-700,910,70,0,0,0,0
0,0,0,0,70.5,249,-222,15.4940004348755,-9.02799987792969,1022.90899658203,-630,910,70,0,0,0,0
0,0,0,0,63,226.5,-228,15.1280002593994,-8.84500026702881,1022.84802246094,-630,840,140,0,0,0,0
0,0,0,0,52.5,222,-235.5,15.6160001754761,-9.08899974822998,1023.33599853516,-630,840,70,0,0,0,0
0,0,0,0,54,238.5,-240,15.8600006103516,-9.39400005340576,1023.09204101563,-630,840,140,0,0,0,0
0,0,0,0,67.5,259.5,-232.5,15.0060005187988,-9.33300018310547,1022.84802246094,-700,840,140,0,0,0,0
0,0,0,0,78,267,-225,15.4330005645752,-8.9060001373291,1023.03100585938,-700,840,140,0,0,0,0
0,0,0,0,76.5,252,-226.5,15.0670003890991,-8.9060001373291,1022.35998535156,-700,840,70,0,0,0,0
0,0,0,0,66,237,-232.5,15.0670003890991,-8.47900009155273,1023.09204101563,-700,840,70,0,0,0,0
0,0,0,0,57,228,-240,15.1890001296997,-8.78400039672852,1023.03100585938,-630,910,70,0,0,0,0
25.3984375,25.4551696777344,36.9476318359375,101632.7109375,57,235.5,-241.5,15.4940004348755,-9.21100044250488,1022.97003173828,-700,840,70,0,0,0,0
0,0,0,0,64.5,252,-232.5,15.3109998703003,-8.72300052642822,1022.90899658203,-700,840,70,0,0,0,0
0,0,0,0,75,267,-223.5,16.2259998321533,-9.33300018310547,1024.06799316406,-630,840,140,0,0,0,0
0,0,0,0,75,259.5,-222,14.3959999084473,-8.05200004577637,1022.6650390625,-630,910,70,0,0,0,0
0,0,0,0,60,241.5,-228,16.1650009155273,-9.39400005340576,1023.64099121094,-630,910,70,0,0,0,0
0,0,0,0,49.5,229.5,-235.5,15.8600006103516,-7.56400012969971,1023.39703369141,-700,1050,70,0,0,0,0
0,0,0,0,49.5,231,-237,17.8120002746582,-5.30700016021729,1024.67797851563,-630,700,70,0,0,0,0
0,0,0,0,61.5,244.5,-235.5,14.0299997329712,-15.4330005645752,1021.44500732422,-700,840,140,0,0,0,0
0,0,0,0,75,264,-232.5,13.6640005111694,-1.46399998664856,1023.64099121094,-700,770,140,0,0,0,0
0,0,0,0,75,267,-226.5,16.9580001831055,-13.9079999923706,1023.76300048828,-630,770,70,0,0,0,0
25.390625,25.4526519775391,36.9522094726563,101632.7109375,66,252,-225,18.6660003662109,-13.2980003356934,1025.10498046875,-700,700,140,0,0,0,0
0,0,0,0,55.5,235.5,-232.5,14.335000038147,-4.75799989700317,1023.4580078125,-700,770,70,0,0,0,0
0,0,0,0,52.5,235.5,-238.5,17.4460010528564,-13.0539999008179,1023.51898193359,-630,840,140,0,0,0,0
0,0,0,0,64.5,252,-235.5,13.78600025177,-7.0149998664856,1023.27502441406,-630,910,70,0,0,0,0
0,0,0,0,75,267,-231,16.1650009155273,-7.74700021743774,1022.72601318359,-630,1050,70,0,0,0,0
0,0,0,0,76.5,270,-226.5,16.8360004425049,-10.9800004959106,1028.64306640625,-630,980,140,0,0,0,0
0,0,0,0,67.5,252,-226.5,7.19799995422363,-8.35700035095215,1012.72198486328,-700,1050,140,0,0,0,0
0,0,0,0,58.5,235.5,-231,21.1060009002686,-10.7969999313354,1027.42297363281,-630,910,70,0,0,0,0
0,0,0,0,55.5,229.5,-234,11.3459997177124,-13.0539999008179,1018.70001220703,-700,1050,70,0,0,0,0
0,0,0,0,63,238.5,-237,10.1870002746582,-7.44199991226196,1025.34899902344,-630,980,70,0,0,0,0
25.3984375,25.4551696777344,36.944580078125,101631.703125,72,256.5,-231,22.814001083374,-9.39400005340576,1022.05499267578,-630,770,140,0,0,0,0
0,0,0,0,76.5,265.5,-222,8.47900009155273,-6.77099990844727,1022.48199462891,-700,770,140,0,0,0,0
0,0,0,0,73.5,253.5,-219,18.9710006713867,-8.17399978637695,1026.32495117188,-630,840,70,0,0,0,0
0,0,0,0,64.5,241.5,-231,14.4569997787476,-8.78400039672852,1022.78698730469,-700,840,140,0,0,0,0
0,0,0,0,54,228,-240,13.0539999008179,-9.82100009918213,1021.20098876953,-630,910,70,0,0,0,0
0,0,0,0,57,231,-238.5,19.3369998931885,-7.19799995422363,1026.69104003906,-700,840,70,0,0,0,0
0,0,0,0,67.5,247.5,-228,16.2259998321533,-8.53999996185303,1024.86096191406,-630,910,70,0,0,0,0
0,0,0,0,75,259.5,-222,16.6529998779297,-8.66199970245361,1023.4580078125,-630,910,70,0,0,0,0
0,0,0,0,75,255,-220.5,12.871000289917,-11.0410003662109,1021.56701660156,-700,840,140,0,0,0,0
0,0,0,0,70.5,244.5,-225,15.5550003051758,-7.625,1023.27502441406,-700,840,70,0,0,0,0
0,0,0,0,58.5,228,-232.5,12.0780000686646,-9.45499992370605,1020.59100341797,-700,910,70,0,0,0,0
25.3984375,25.4551696777344,36.944580078125,101630.6953125,55.5,226.5,-234,17.568000793457,-8.9060001373291,1024.92199707031,-630,840,70,0,0,0,0
0,0,0,0,64.5,249,-232.5,15.3719997406006,-7.74700021743774,1023.64099121094,-700,910,70,0,0,0,0
0,0,0,0,73.5,268.5,-225,14.5180006027222,-11.1630001068115,1022.23803710938,-700,840,70,0,0,0,0
0,0,0,0,75,268.5,-220.5,15.9820003509521,-10.0650005340576,1023.51898193359,-700,840,70,0,0,0,0
0,0,0,0,64.5,252,-232.5,14.2740001678467,-7.625,1022.42102050781,-700,840,140,0,0,0,0
0,0,0,0,55.5,225,-235.5,16.2870006561279,-10.0650005340576,1023.82403564453,-630,840,140,0,0,0,0
0,0,0,0,57,226.5,-232.5,14.9449996948242,-7.44199991226196,1023.33599853516,-700,910,140,0,0,0,0
0,0,0,0,63,244.5,-231,15.798999786377,-7.56400012969971,1023.03100585938,-700,840,70,0,0,0,0
0,0,0,0,66,259.5,-223.5,16.0429992675781,-10.492000579834,1023.27502441406,-700,840,70,0,0,0,0
0,0,0,0,73.5,258,-220.5,15.25,-7.38100004196167,1023.39703369141,-700,840,70,0,0,0,0
25.390625,25.4476165771484,36.9338989257813,101631.703125,67.5,243,-222,15.4940004348755,-10.6750001907349,1022.84802246094,-700,840,70,0,0,0,0
0,0,0,0,52.5,225,-226.5,15.4940004348755,-10.5530004501343,1023.15301513672,-700,840,70,0,0,0,0
0,0,0,0,49.5,222,-232.5,15.5550003051758,-8.11299991607666,1023.39703369141,-700,910,70,0,0,0,0
0,0,0,0,66,247.5,-232.5,15.6160001754761,-9.94299983978271,1023.15301513672,-700,910,70,0,0,0,0
0,0,0,0,82.5,264,-234,14.7620000839233,-8.11299991607666,1023.09204101563,-630,910,70,0,0,0,0
0,0,0,0,76.5,259.5,-229.5,14.8229999542236,-7.93000030517578,1023.64099121094,-700,910,70,0,0,0,0
0,0,0,0,66,243,-228,15.798999786377,-10.1260004043579,1023.15301513672,-700,910,70,0,0,0,0
0,0,0,0,55.5,229.5,-229.5,15.4940004348755,-8.35700035095215,1023.09204101563,-700,840,70,0,0,0,0
0,0,0,0,48,229.5,-232.5,15.6770000457764,-10.0650005340576,1023.27502441406,-700,910,70,0,0,0,0
0,0,0,0,60,244.5,-234,14.5180006027222,-10.5530004501343,1021.93298339844,-630,910,70,0,0,0,0
25.3984375,25.4350280761719,36.95068359375,101631.703125,73.5,267,-228,15.5550003051758,-7.80800008773804,1023.76300048828,-700,910,140,0,0,0,0
0,0,0,0,72,273,-228,15.4940004348755,-10.0650005340576,1023.27502441406,-700,910,70,0,0,0,0
0,0,0,0,64.5,253.5,-225,14.6400003433228,-8.05200004577637,1022.84802246094,-700,910,70,0,0,0,0
0,0,0,0,55.5,231,-223.5,15.7379999160767,-8.72300052642822,1023.4580078125,-700,910,70,0,0,0,0
0,0,0,0,51,229.5,-228,14.4569997787476,-9.08899974822998,1022.60400390625,-630,910,70,0,0,0,0
0,0,0,0,60,244.5,-229.5,16.8360004425049,-8.78400039672852,1024.00695800781,-630,910,70,0,0,0,0
0,0,0,0,73.5,256.5,-228,13.4200000762939,-9.15000057220459,1021.62799072266,-700,980,70,0,0,0,0
0,0,0,0,73.5,262.5,-225,16.3479995727539,-7.625,1023.94598388672,-700,910,140,0,0,0,0
0,0,0,0,69,253.5,-223.5,15.0060005187988,-10.918999671936,1022.54302978516,-700,910,140,0,0,0,0
0,0,0,0,64.5,238.5,-229.5,13.3590002059937,-7.25900030136108,1022.60400390625,-630,910,70,0,0,0,0
0,0,0,0,57,228,-235.5,16.9580001831055,-10.4309997558594,1024.61706542969,-700,840,70,0,0,0,0
25.3984375,25.4526519775391,36.9216918945313,101632.7109375,57,232.5,-229.5,12.7490005493164,-10.7360000610352,1021.87200927734,-630,1050,70,0,0,0,0
0,0,0,0,64.5,247.5,-225,16.5310001373291,-7.07600021362305,1025.28796386719,-630,980,70,0,0,0,0
0,0,0,0,72,264,-222,12.7490005493164,-10.492000579834,1021.07904052734,-700,980,140,0,0,0,0
0,0,0,0,73.5,256.5,-223.5,13.8470001220703,-8.96700000762939,1022.48199462891,-700,840,140,0,0,0,0
0,0,0,0,67.5,238.5,-232.5,16.1040000915527,-9.02799987792969,1023.94598388672,-700,700,140,0,0,0,0
0,0,0,0,57,226.5,-232.5,12.1389999389648,-10.0650005340576,1021.56701660156,-700,840,70,0,0,0,0
0,0,0,0,58.5,229.5,-235.5,18.7269992828369,-8.72300052642822,1025.89807128906,-630,770,140,0,0,0,0
0,0,0,0,69,246,-238.5,13.7250003814697,-8.66199970245361,1022.42102050781,-700,840,70,0,0,0,0
0,0,0,0,75,271.5,-232.5,15.7379999160767,-7.19799995422363,1024.49499511719,-630,840,70,0,0,0,0
0,0,0,0,79.5,270,-228,15.8600006103516,-10.5530004501343,1023.03100585938,-630,840,140,0,0,0,0
25.390625,25.4551696777344,37.0147705078125,101631.703125,72,243,-231,14.0910005569458,-7.625,1022.11602783203,-700,840,70,0,0,0,0
0,0,0,0,60,231,-232.5,16.8360004425049,-9.45499992370605,1023.76300048828,-630,840,70,0,0,0,0
0,0,0,0,54,232.5,-237,15.3719997406006,-10.003999710083,1022.97003173828,-630,840,70,0,0,0,0
0,0,0,0,64.5,246,-234,15.3109998703003,-7.86899995803833,1023.58001708984,-700,840,70,0,0,0,0
0,0,0,0,81,265.5,-225,15.3109998703003,-10.1260004043579,1023.15301513672,-630,840,70,0,0,0,0
0,0,0,0,82.5,268.5,-220.5,14.5790004730225,-8.23499965667725,1023.03100585938,-700,840,140,0,0,0,0
0,0,0,0,70.5,249,-220.5,14.2740001678467,-8.35700035095215,1022.6650390625,-700,910,140,0,0,0,0
0,0,0,0,58.5,225,-226.5,16.1650009155273,-10.2480001449585,1023.15301513672,-630,840,70,0,0,0,0
0,0,0,0,54,228,-235.5,15.0670003890991,-8.41800022125244,1023.64099121094,-700,840,70,0,0,0,0
0,0,0,0,60,249,-234,15.0060005187988,-10.1870002746582,1022.29901123047,-700,840,140,0,0,0,0
25.390625,25.4375457763672,37.1261596679688,101633.71875,76.5,265.5,-229.5,15.9210004806519,-9.88199996948242,1023.09204101563,-700,910,70,0,0,0,0
0,0,0,0,84,268.5,-228,14.8229999542236,-7.625,1022.90899658203,-630,840,140,0,0,0,0
0,0,0,0,73.5,250.5,-229.5,15.9210004806519,-10.003999710083,1023.27502441406,-630,840,140,0,0,0,0
0,0,0,0,60,234,-235.5,15.3109998703003,-7.625,1023.21398925781,-700,840,70,0,0,0,0
0,0,0,0,51,231,-237,14.7620000839233,-7.68599987030029,1023.39703369141,-630,910,140,0,0,0,0
0,0,0,0,57,243,-232.5,17.6900005340576,-8.9060001373291,1027.7890625,-630,980,70,0,0,0,0
0,0,0,0,67.5,261,-231,9.51599979400635,-10.5530004501343,1014.49102783203,-700,1260,140,0,0,0,0
0,0,0,0,73.5,267,-226.5,17.3239994049072,-6.77099990844727,1027.36206054688,-700,910,70,0,0,0,0
0,0,0,0,69,256.5,-225,11.7119998931885,-8.60099983215332,1020.95703125,-630,910,70,0,0,0,0
0,0,0,0,60,244.5,-231,16.0429992675781,-9.21100044250488,1024.373046875,-630,840,70,0,0,0,0
0,0,0,0,49.5,231,-232.5,15.9820003509521,-8.11299991607666,1022.97003173828,-700,840,70,0,0,0,0
25.3828125,25.4350280761719,37.2802734375,101632.7109375,55.5,234,-232.5,11.6510000228882,-9.69900035858154,1020.34698486328,-700,840,70,0,0,0,0
0,0,0,0,73.5,256.5,-231,15.7379999160767,-9.08899974822998,1023.64099121094,-700,840,70,0,0,0,0
0,0,0,0,79.5,271.5,-223.5,12.6879997253418,-9.45499992370605,1021.07904052734,-700,840,70,0,0,0,0
0,0,0,0,75,258,-220.5,15.1890001296997,-8.66199970245361,1023.88500976563,-630,840,70,0,0,0,0
0,0,0,0,63,240,-223.5,16.5920009613037,-9.02799987792969,1023.51898193359,-700,840,70,0,0,0,0
0,0,0,0,49.5,225,-226.5,15.4940004348755,-9.02799987792969,1023.51898193359,-630,840,140,0,0,0,0
0,0,0,0,49.5,226.5,-231,14.9449996948242,-7.80800008773804,1023.39703369141,-700,910,70,0,0,0,0
0,0,0,0,63,240,-229.5,14.3959999084473,-9.94299983978271,1022.17700195313,-630,910,70,0,0,0,0
0,0,0,0,76.5,264,-223.5,13.8470001220703,-7.99100017547607,1022.97003173828,-700,910,70,0,0,0,0
0,0,0,0,73.5,267,-220.5,13.0539999008179,-8.05200004577637,1022.23803710938,-700,910,140,0,0,0,0
25.3671875,25.4123687744141,37.3428344726563,101633.71875,61.5,243,-225,15.0060005187988,-9.88199996948242,1023.21398925781,-700,910,140,0,0,0,0
0,0,0,0,55.5,222,-232.5,13.9079999923706,-7.93000030517578,1022.90899658203,-700,910,70,0,0,0,0
0,0,0,0,57,226.5,-234,15.1890001296997,-9.88199996948242,1020.59100341797,-630,840,70,0,0,0,0
0,0,0,0,63,247.5,-234,14.6400003433228,-10.5530004501343,1020.46899414063,-700,840,70,0,0,0,0
0,0,0,0,70.5,265.5,-232.5,13.2980003356934,-7.56400012969971,1023.82403564453,-700,840,140,0,0,0,0
0,0,0,0,82.5,265.5,-220.5,14.9449996948242,-10.6750001907349,1022.54302978516,-700,770,70,0,0,0,0
0,0,0,0,76.5,247.5,-223.5,18.2390003204346,-6.52699995040894,1025.22705078125,-700,700,70,0,0,0,0
0,0,0,0,66,235.5,-232.5,11.4680004119873,-12.2609996795654,1020.22503662109,-700,840,140,0,0,0,0
0,0,0,0,57,225,-237,16.6529998779297,-9.63800048828125,1023.51898193359,-700,910,70,0,0,0,0
0,0,0,0,54,234,-237,12.9320001602173,-8.72300052642822,1022.29901123047,-700,910,70,0,0,0,0
25.375,25.419921875,37.286376953125,101634.7265625,66,249,-235.5,15.3109998703003,-9.63800048828125,1023.21398925781,-630,840,70,0,0,0,0
0,0,0,0,81,258,-231,16.5920009613037,-7.50300025939941,1024.55603027344,-700,910,140,0,0,0,0
0,0,0,0,76.5,252,-225,16.0429992675781,-8.29600048065186,1023.88500976563,-700,840,70,0,0,0,0
0,0,0,0,61.5,237,-229.5,15.8600006103516,-9.51599979400635,1023.21398925781,-700,910,70,0,0,0,0
0,0,0,0,55.5,226.5,-238.5,14.5790004730225,-8.66199970245361,1022.17700195313,-700,910,70,0,0,0,0
0,0,0,0,57,232.5,-240,15.6770000457764,-9.08899974822998,1023.4580078125,-700,910,70,0,0,0,0
0,0,0,0,67.5,249,-235.5,14.335000038147,-8.84500026702881,1022.60400390625,-700,910,70,0,0,0,0
0,0,0,0,75,267,-229.5,15.4940004348755,-8.78400039672852,1023.51898193359,-700,910,70,0,0,0,0
0,0,0,0,73.5,265.5,-231,15.3719997406006,-8.96700000762939,1023.64099121094,-700,910,70,0,0,0,0
0,0,0,0,63,249,-226.5,15.1890001296997,-9.57699966430664,1022.90899658203,-700,910,70,0,0,0,0
0,0,0,0,55.5,228,-223.5,15.8600006103516,-9.45499992370605,1023.03100585938,-700,840,70,0,0,0,0
25.3671875,25.4224395751953,37.2299194335938,101635.734375,57,222,-234,14.0299997329712,-7.93000030517578,1023.15301513672,-700,840,70,0,0,0,0
0,0,0,0,63,241.5,-238.5,15.3109998703003,-10.3699998855591,1023.33599853516,-700,840,70,0,0,0,0
0,0,0,0,72,265.5,-234,15.4940004348755,-7.74700021743774,1023.64099121094,-700,910,70,0,0,0,0
0,0,0,0,73.5,267,-226.5,13.4200000762939,-8.17399978637695,1021.81103515625,-700,910,70,0,0,0,0
0,0,0,0,61.5,246,-225,15.7379999160767,-10.1870002746582,1023.15301513672,-630,910,70,0,0,0,0
0,0,0,0,57,231,-232.5,15.0060005187988,-7.25900030136108,1024.00695800781,-630,910,70,0,0,0,0
0,0,0,0,58.5,228,-235.5,14.335000038147,-10.918999671936,1021.99401855469,-700,910,70,0,0,0,0
0,0,0,0,64.5,238.5,-234,15.4330005645752,-10.2480001449585,1023.58001708984,-630,840,70,0,0,0,0
0,0,0,0,72,261,-231,13.78600025177,-7.99100017547607,1022.72601318359,-630,840,70,0,0,0,0
0,0,0,0,76.5,270,-223.5,16.0429992675781,-9.69900035858154,1023.03100585938,-630,910,70,0,0,0,0
25.3671875,25.4098510742188,37.2314453125,101635.734375,69,256.5,-228,14.6400003433228,-7.80800008773804,1023.51898193359,-700,840,140,0,0,0,0
0,0,0,0,58.5,238.5,-231,15.0060005187988,-7.93000030517578,1023.82403564453,-700,840,140,0,0,0,0
0,0,0,0,51,225,-235.5,15.9820003509521,-9.63800048828125,1023.82403564453,-700,840,140,0,0,0,0
0,0,0,0,55.5,235.5,-237,12.9930000305176,-8.47900009155273,1021.75,-630,910,70,0,0,0,0
0,0,0,0,64.5,253.5,-232.5,15.9820003509521,-9.51599979400635,1024.19006347656,-630,840,70,0,0,0,0
0,0,0,0,75,267,-229.5,14.7620000839233,-9.39400005340576,1022.60400390625,-700,840,70,0,0,0,0
0,0,0,0,78,259.5,-223.5,14.5180006027222,-8.72300052642822,1023.70202636719,-630,910,70,0,0,0,0
0,0,0,0,64.5,246,-225,15.7379999160767,-8.78400039672852,1023.76300048828,-700,840,70,0,0,0,0
0,0,0,0,54,232.5,-234,13.9689998626709,-9.21100044250488,1022.84802246094,-700,910,70,0,0,0,0
0,0,0,0,57,232.5,-237,14.5180006027222,-8.78400039672852,1022.97003173828,-630,910,70,0,0,0,0
25.375,25.4073333740234,37.2055053710938,101635.734375,61.5,252,-232.5,14.9449996948242,-8.96700000762939,1022.97003173828,-700,840,70,0,0,0,0
0,0,0,0,66,268.5,-223.5,14.5790004730225,-8.9060001373291,1023.09204101563,-630,840,70,0,0,0,0
0,0,0,0,70.5,267,-219,15.25,-8.66199970245361,1023.27502441406,-700,910,70,0,0,0,0
0,0,0,0,70.5,247.5,-226.5,15.0060005187988,-8.96700000762939,1023.27502441406,-700,840,70,0,0,0,0
0,0,0,0,63,223.5,-232.5,14.9449996948242,-9.27200031280518,1023.51898193359,-700,910,70,0,0,0,0
0,0,0,0,57,225,-237,14.9449996948242,-8.66199970245361,1022.97003173828,-700,840,70,0,0,0,0
0,0,0,0,63,241.5,-238.5,14.4569997787476,-9.21100044250488,1023.15301513672,-700,910,70,0,0,0,0
0,0,0,0,73.5,261,-232.5,14.7620000839233,-9.51599979400635,1022.6650390625,-700,910,70,0,0,0,0
0,0,0,0,78,264,-225,15.0670003890991,-8.05200004577637,1024.2509765625,-700,840,140,0,0,0,0
0,0,0,0,67.5,246,-229.5,13.6029996871948,-9.57699966430664,1021.81103515625,-700,910,70,0,0,0,0
0,0,0,0,54,234,-232.5,15.5550003051758,-8.41800022125244,1024.12902832031,-630,840,70,0,0,0,0
25.3671875,25.419921875,37.1856689453125,101633.71875,52.5,226.5,-232.5,14.2740001678467,-8.66199970245361,1022.6650390625,-700,840,140,0,0,0,0
0,0,0,0,61.5,240,-235.5,14.5180006027222,-8.72300052642822,1022.60400390625,-700,770,140,0,0,0,0
0,0,0,0,66,255,-235.5,18.6660003662109,-9.21100044250488,1025.71496582031,-700,770,140,0,0,0,0
0,0,0,0,69,265.5,-226.5,12.4440002441406,-9.02799987792969,1020.89599609375,-700,910,140,0,0,0,0
0,0,0,0,73.5,259.5,-217.5,15.1280002593994,-8.05200004577637,1023.39703369141,-700,840,70,0,0,0,0
0,0,0,0,66,241.5,-229.5,15.1280002593994,-9.15000057220459,1022.78698730469,-700,840,140,0,0,0,0
0,0,0,0,54,232.5,-241.5,13.9689998626709,-8.78400039672852,1022.35998535156,-700,910,70,0,0,0,0
0,0,0,0,52.5,237,-241.5,16.8969993591309,-9.21100044250488,1024.2509765625,-630,840,70,0,0,0,0
0,0,0,0,63,246,-234,15.0670003890991,-8.96700000762939,1022.90899658203,-700,840,70,0,0,0,0
0,0,0,0,76.5,264,-225,14.701000213623,-8.66199970245361,1022.84802246094,-700,910,70,0,0,0,0
25.3671875,25.4073333740234,37.1810913085938,101633.71875,73.5,262.5,-220.5,16.8360004425049,-9.02799987792969,1024.373046875,-700,840,140,0,0,0,0
0,0,0,0,64.5,244.5,-225,13.2980003356934,-9.51599979400635,1022.17700195313,-700,910,70,0,0,0,0
0,0,0,0,55.5,232.5,-232.5,14.2740001678467,-8.66199970245361,1022.54302978516,-700,910,70,0,0,0,0
0,0,0,0,52.5,234,-237,15.7379999160767,-9.33300018310547,1023.58001708984,-700,840,70,0,0,0,0
0,0,0,0,67.5,246,-238.5,15.0060005187988,-8.35700035095215,1023.09204101563,-630,910,70,0,0,0,0
0,0,0,0,79.5,265.5,-234,15.6160001754761,-9.39400005340576,1023.33599853516,-700,840,70,0,0,0,0
0,0,0,0,78,262.5,-222,16.0429992675781,-9.45499992370605,1023.64099121094,-630,840,70,0,0,0,0
0,0,0,0,67.5,244.5,-222,14.2740001678467,-8.29600048065186,1023.21398925781,-630,910,70,0,0,0,0
0,0,0,0,54,228,-229.5,15.9210004806519,-9.88199996948242,1023.70202636719,-700,840,140,0,0,0,0
0,0,0,0,51,223.5,-232.5,14.6400003433228,-8.29600048065186,1023.21398925781,-630,840,70,0,0,0,0
25.3671875,25.4098510742188,37.21923828125,101633.71875,58.5,243,-234,14.8229999542236,-8.35700035095215,1023.27502441406,-700,910,70,0,0,0,0
0,0,0,0,72,258,-226.5,15.3719997406006,-9.76000022888184,1023.39703369141,-700,910,70,0,0,0,0
0,0,0,0,81,264,-220.5,15.0060005187988,-7.74700021743774,1023.09204101563,-700,910,70,0,0,0,0
0,0,0,0,70.5,250.5,-219,15.4330005645752,-10.0650005340576,1023.39703369141,-700,910,70,0,0,0,0
0,0,0,0,60,237,-222,15.1280002593994,-10.1260004043579,1023.21398925781,-700,840,70,0,0,0,0
0,0,0,0,51,228,-234,14.5790004730225,-7.68599987030029,1022.90899658203,-700,840,70,0,0,0,0
0,0,0,0,52.5,237,-234,15.3109998703003,-10.492000579834,1023.09204101563,-700,910,70,0,0,0,0
0,0,0,0,64.5,258,-228,14.8839998245239,-8.05200004577637,1023.64099121094,-700,840,70,0,0,0,0
0,0,0,0,75,265.5,-225,14.9449996948242,-7.68599987030029,1023.51898193359,-700,840,70,0,0,0,0
0,0,0,0,73.5,256.5,-222,14.9449996948242,-10.1870002746582,1023.15301513672,-700,840,70,0,0,0,0
0,0,0,0,63,241.5,-225,14.5180006027222,-7.99100017547607,1023.51898193359,-700,840,70,0,0,0,0
25.3671875,25.4123687744141,37.1963500976563,101635.734375,54,228,-231,15.3719997406006,-10.003999710083,1023.33599853516,-630,840,70,0,0,0,0
0,0,0,0,54,232.5,-232.5,15.3109998703003,-10.003999710083,1023.15301513672,-630,910,70,0,0,0,0
0,0,0,0,64.5,249,-225,15.25,-8.11299991607666,1023.39703369141,-700,840,70,0,0,0,0
0,0,0,0,73.5,268.5,-225,14.7620000839233,-10.0650005340576,1022.90899658203,-700,910,70,0,0,0,0
0,0,0,0,75,261,-228,14.7620000839233,-8.23499965667725,1023.94598388672,-700,840,70,0,0,0,0
0,0,0,0,63,247.5,-226.5,15.5550003051758,-8.78400039672852,1023.64099121094,-700,840,70,0,0,0,0
0,0,0,0,55.5,229.5,-229.5,15.3109998703003,-8.78400039672852,1023.33599853516,-700,910,70,0,0,0,0
0,0,0,0,60,231,-235.5,15.25,-8.60099983215332,1023.39703369141,-700,910,70,0,0,0,0
0,0,0,0,60,253.5,-234,15.0670003890991,-9.08899974822998,1023.15301513672,-630,840,70,0,0,0,0
0,0,0,0,64.5,262.5,-228,15.3719997406006,-8.9060001373291,1022.97003173828,-700,840,70,0,0,0,0
25.3671875,25.419921875,37.1490478515625,101637.75,73.5,259.5,-223.5,15.5550003051758,-8.72300052642822,1023.58001708984,-700,840,70,0,0,0,0
0,0,0,0,69,244.5,-223.5,14.8229999542236,-8.96700000762939,1023.09204101563,-700,840,70,0,0,0,0
0,0,0,0,57,232.5,-231,14.9449996948242,-9.51599979400635,1023.15301513672,-700,840,70,0,0,0,0
0,0,0,0,51,231,-238.5,15.1280002593994,-8.96700000762939,1023.15301513672,-700,840,70,0,0,0,0
0,0,0,0,54,240,-241.5,14.7620000839233,-8.96700000762939,1023.39703369141,-630,910,140,0,0,0,0
0,0,0,0,60,255,-235.5,14.7620000839233,-8.9060001373291,1023.15301513672,-630,840,140,0,0,0,0
0,0,0,0,73.5,264,-225,14.2740001678467,-8.9060001373291,1022.72601318359,-700,840,70,0,0,0,0
0,0,0,0,73.5,252,-219,14.701000213623,-8.60099983215332,1023.33599853516,-700,840,70,0,0,0,0
0,0,0,0,63,240,-229.5,15.4940004348755,-9.45499992370605,1023.39703369141,-700,840,70,0,0,0,0
0,0,0,0,55.5,234,-237,14.8839998245239,-8.84500026702881,1023.21398925781,-700,840,70,0,0,0,0
25.3671875,25.4174041748047,37.1658325195313,101636.7421875,55.5,235.5,-237,15.3109998703003,-8.96700000762939,1023.58001708984,-700,840,70,0,0,0,0
0,0,0,0,61.5,247.5,-237,15.3109998703003,-9.76000022888184,1022.78698730469,-700,910,70,0,0,0,0
0,0,0,0,70.5,265.5,-234,14.5180006027222,-8.41800022125244,1023.09204101563,-700,910,70,0,0,0,0
0,0,0,0,76.5,267,-232.5,15.6770000457764,-9.21100044250488,1023.70202636719,-700,910,70,0,0,0,0
0,0,0,0,70.5,246,-234,14.3959999084473,-8.9060001373291,1022.17700195313,-630,910,70,0,0,0,0
0,0,0,0,58.5,226.5,-234,15.3109998703003,-9.08899974822998,1022.6650390625,-700,910,70,0,0,0,0
0,0,0,0,55.5,229.5,-235.5,15.1890001296997,-8.78400039672852,1023.27502441406,-700,840,70,0,0,0,0
0,0,0,0,58.5,241.5,-234,14.7620000839233,-8.84500026702881,1023.09204101563,-700,910,70,0,0,0,0
0,0,0,0,67.5,256.5,-231,15.5550003051758,-9.39400005340576,1024.00695800781,-700,840,70,0,0,0,0
0,0,0,0,75,262.5,-226.5,15.3109998703003,-9.63800048828125,1023.4580078125,-700,840,70,0,0,0,0
0,0,0,0,70.5,241.5,-220.5,15.0670003890991,-8.53999996185303,1022.90899658203,-630,910,70,0,0,0,0
25.3671875,25.4249572753906,37.1185302734375,101636.7421875,63,228,-225,15.4330005645752,-9.45499992370605,1023.58001708984,-630,840,70,0,0,0,0
0,0,0,0,51,228,-237,14.9449996948242,-8.29600048065186,1022.78698730469,-630,840,70,0,0,0,0
0,0,0,0,52.5,243,-238.5,14.4569997787476,-8.41800022125244,1023.03100585938,-700,910,70,0,0,0,0
0,0,0,0,60,253.5,-234,15.7379999160767,-9.63800048828125,1023.33599853516,-630,910,70,0,0,0,0
0,0,0,0,72,261,-231,14.9449996948242,-8.29600048065186,1022.78698730469,-700,910,140,0,0,0,0
0,0,0,0,78,258,-228,15.798999786377,-9.82100009918213,1023.51898193359,-630,840,140,0,0,0,0
0,0,0,0,63,249,-228,15.4940004348755,-9.27200031280518,1023.15301513672,-700,910,140,0,0,0,0
0,0,0,0,49.5,229.5,-232.5,15.3109998703003,-8.53999996185303,1023.27502441406,-700,910,70,0,0,0,0
0,0,0,0,54,228,-241.5,15.3109998703003,-9.45499992370605,1023.58001708984,-700,910,70,0,0,0,0
0,0,0,0,66,246,-237,14.701000213623,-8.78400039672852,1023.33599853516,-700,910,70,0,0,0,0
25.375,25.4325103759766,37.1047973632813,101634.7265625,78,262.5,-228,14.6400003433228,-8.60099983215332,1023.03100585938,-700,910,140,0,0,0,0
0,0,0,0,76.5,267,-225,15.3719997406006,-8.84500026702881,1023.88500976563,-700,910,140,0,0,0,0
0,0,0,0,67.5,253.5,-228,15.25,-8.9060001373291,1023.21398925781,-700,910,140,0,0,0,0
0,0,0,0,58.5,235.5,-232.5,15.5550003051758,-8.72300052642822,1023.70202636719,-700,910,70,0,0,0,0
0,0,0,0,51,226.5,-235.5,14.8839998245239,-9.08899974822998,1023.27502441406,-700,910,70,0,0,0,0
0,0,0,0,58.5,237,-232.5,15.3719997406006,-9.63800048828125,1023.09204101563,-700,910,70,0,0,0,0
0,0,0,0,70.5,252,-226.5,15.1890001296997,-8.41800022125244,1023.33599853516,-700,910,140,0,0,0,0
0,0,0,0,78,264,-228,14.9449996948242,-9.88199996948242,1023.39703369141,-700,910,140,0,0,0,0
0,0,0,0,70.5,252,-226.5,14.9449996948242,-9.94299983978271,1023.51898193359,-700,910,140,0,0,0,0
0,0,0,0,63,232.5,-232.5,15.0060005187988,-8.72300052642822,1023.03100585938,-700,910,140,0,0,0,0
25.3671875,25.4350280761719,37.1246337890625,101632.7109375,61.5,223.5,-240,15.4330005645752,-9.21100044250488,1023.64099121094,-700,910,140,0,0,0,0
0,0,0,0,60,237,-238.5,15.0670003890991,-8.84500026702881,1023.03100585938,-700,910,140,0,0,0,0
0,0,0,0,63,250.5,-229.5,15.0670003890991,-8.60099983215332,1023.94598388672,-700,910,140,0,0,0,0
0,0,0,0,75,255,-219,14.8839998245239,-9.39400005340576,1023.51898193359,-630,910,140,0,0,0,0
0,0,0,0,78,258,-214.5,15.4330005645752,-8.53999996185303,1023.51898193359,-700,910,70,0,0,0,0
0,0,0,0,63,249,-223.5,15.4330005645752,-9.21100044250488,1023.82403564453,-700,910,70,0,0,0,0
0,0,0,0,54,229.5,-232.5,15.0060005187988,-8.84500026702881,1023.76300048828,-700,910,70,0,0,0,0
0,0,0,0,57,229.5,-234,15.25,-9.33300018310547,1023.82403564453,-630,910,140,0,0,0,0
0,0,0,0,66,244.5,-234,15.6160001754761,-8.60099983215332,1023.51898193359,-700,910,140,0,0,0,0
0,0,0,0,73.5,261,-232.5,15.0670003890991,-9.02799987792969,1023.70202636719,-700,910,70,0,0,0,0
0,0,0,0,72,265.5,-228,14.9449996948242,-9.82100009918213,1023.51898193359,-700,910,70,0,0,0,0
25.3671875,25.4073333740234,37.1444702148438,101632.7109375,64.5,249,-225,15.3719997406006,-8.60099983215332,1024.12902832031,-630,910,70,0,0,0,0
0,0,0,0,54,226.5,-229.5,15.3719997406006,-9.39400005340576,1023.33599853516,-700,910,70,0,0,0,0
0,0,0,0,52.5,225,-237,15.3109998703003,-8.9060001373291,1023.51898193359,-700,910,140,0,0,0,0
0,0,0,0,64.5,246,-238.5,15.1890001296997,-9.15000057220459,1023.51898193359,-700,910,140,0,0,0,0
0,0,0,0,70.5,261,-229.5,15.3109998703003,-9.51599979400635,1023.58001708984,-630,840,70,0,0,0,0
0,0,0,0,75,259.5,-223.5,15.0670003890991,-9.02799987792969,1023.70202636719,-700,910,140,0,0,0,0
0,0,0,0,69,244.5,-220.5,15.3719997406006,-9.27200031280518,1023.64099121094,-700,910,70,0,0,0,0
0,0,0,0,55.5,232.5,-229.5,15.4940004348755,-9.51599979400635,1023.76300048828,-700,840,70,0,0,0,0
0,0,0,0,57,229.5,-240,14.701000213623,-9.21100044250488,1023.51898193359,-700,910,70,0,0,0,0
0,0,0,0,60,235.5,-238.5,15.1280002593994,-9.45499992370605,1023.4580078125,-630,840,70,0,0,0,0
25.3671875,25.4148864746094,37.1368408203125,101633.71875,64.5,247.5,-235.5,15.0060005187988,-8.35700035095215,1023.51898193359,-700,910,140,0,0,0,0
0,0,0,0,75,264,-229.5,14.9449996948242,-8.60099983215332,1023.09204101563,-700,910,70,0,0,0,0
0,0,0,0,69,259.5,-225,16.0429992675781,-9.88199996948242,1023.70202636719,-630,910,70,0,0,0,0
0,0,0,0,60,238.5,-231,15.4940004348755,-8.72300052642822,1023.51898193359,-700,910,140,0,0,0,0
0,0,0,0,55.5,228,-235.5,15.1890001296997,-9.39400005340576,1023.58001708984,-700,910,140,0,0,0,0
0,0,0,0,58.5,234,-235.5,14.9449996948242,-9.27200031280518,1023.4580078125,-630,910,70,0,0,0,0
0,0,0,0,66,252,-235.5,15.1280002593994,-8.84500026702881,1023.76300048828,-700,840,70,0,0,0,0
0,0,0,0,72,270,-232.5,15.25,-9.45499992370605,1023.15301513672,-700,910,140,0,0,0,0
0,0,0,0,69,270,-223.5,15.4330005645752,-8.78400039672852,1024.06799316406,-630,910,140,0,0,0,0
0,0,0,0,60,252,-226.5,14.9449996948242,-9.15000057220459,1023.21398925781,-630,910,70,0,0,0,0
25.375,25.4375457763672,37.1322631835938,101633.71875,60,232.5,-237,13.2370004653931,-8.84500026702881,1022.48199462891,-700,910,70,0,0,0,0
0,0,0,0,61.5,225,-235.5,16.0429992675781,-9.21100044250488,1024.49499511719,-630,910,70,0,0,0,0
0,0,0,0,66,240,-235.5,15.1280002593994,-7.86899995803833,1024.2509765625,-630,910,140,0,0,0,0
0,0,0,0,73.5,264,-229.5,15.0060005187988,-7.99100017547607,1024.12902832031,-700,840,70,0,0,0,0
0,0,0,0,75,270,-222,15.7379999160767,-9.94299983978271,1023.4580078125,-700,840,70,0,0,0,0
0,0,0,0,66,253.5,-228,13.3590002059937,-8.84500026702881,1022.42102050781,-700,910,70,0,0,0,0
0,0,0,0,58.5,234,-231,16.8969993591309,-8.96700000762939,1025.53198242188,-700,840,70,0,0,0,0
0,0,0,0,57,228,-232.5,14.4569997787476,-8.96700000762939,1023.27502441406,-700,910,70,0,0,0,0
0,0,0,0,58.5,238.5,-238.5,15.0060005187988,-8.60099983215332,1023.70202636719,-700,840,70,0,0,0,0
0,0,0,0,63,255,-234,14.701000213623,-9.88199996948242,1023.70202636719,-700,840,70,0,0,0,0
0,0,0,0,78,268.5,-229.5,12.9320001602173,-8.66199970245361,1022.23803710938,-700,840,140,0,0,0,0
25.3671875,25.419921875,37.17041015625,101630.6953125,79.5,255,-225,15.1280002593994,-8.72300052642822,1023.51898193359,-700,840,140,0,0,0,0
0,0,0,0,63,237,-222,16.2259998321533,-10.1260004043579,1023.70202636719,-700,840,70,0,0,0,0
0,0,0,0,57,226.5,-228,14.0299997329712,-7.44199991226196,1022.6650390625,-700,840,70,0,0,0,0
0,0,0,0,54,228,-235.5,16.3479995727539,-10.1870002746582,1023.39703369141,-630,840,70,0,0,0,0
0,0,0,0,61.5,243,-231,15.6770000457764,-10.6140003204346,1022.72601318359,-700,910,70,0,0,0,0
0,0,0,0,78,268.5,-223.5,14.5180006027222,-7.68599987030029,1022.97003173828,-700,910,70,0,0,0,0
0,0,0,0,76.5,270,-226.5,15.7379999160767,-10.492000579834,1023.51898193359,-700,840,140,0,0,0,0
0,0,0,0,66,255,-225,14.3959999084473,-7.07600021362305,1023.21398925781,-700,910,140,0,0,0,0
0,0,0,0,58.5,238.5,-231,15.0670003890991,-7.93000030517578,1023.39703369141,-700,910,70,0,0,0,0
0,0,0,0,57,232.5,-235.5,15.7379999160767,-10.492000579834,1023.15301513672,-700,910,70,0,0,0,0
25.3671875,25.4123687744141,37.1963500976563,101633.71875,60,244.5,-231,14.3959999084473,-7.32000017166138,1023.4580078125,-700,910,140,0,0,0,0
0,0,0,0,69,264,-225,15.7379999160767,-10.3699998855591,1023.33599853516,-700,910,70,0,0,0,0
0,0,0,0,73.5,264,-216,14.9449996948242,-9.82100009918213,1023.09204101563,-700,910,70,0,0,0,0
0,0,0,0,67.5,244.5,-217.5,15.1280002593994,-7.80800008773804,1023.70202636719,-700,910,70,0,0,0,0
0,0,0,0,63,228,-226.5,14.701000213623,-9.76000022888184,1023.33599853516,-700,910,70,0,0,0,0
0,0,0,0,57,226.5,-238.5,14.5790004730225,-8.23499965667725,1023.39703369141,-630,910,70,0,0,0,0
0,0,0,0,58.5,241.5,-238.5,14.4569997787476,-8.23499965667725,1023.39703369141,-700,910,70,0,0,0,0
0,0,0,0,67.5,258,-228,15.1280002593994,-9.45499992370605,1024.00695800781,-630,910,70,0,0,0,0
0,0,0,0,79.5,268.5,-225,14.5180006027222,-8.05200004577637,1023.4580078125,-630,980,70,0,0,0,0
0,0,0,0,79.5,253.5,-223.5,15.3719997406006,-10.2480001449585,1022.78698730469,-630,980,70,0,0,0,0
25.3671875,25.4048156738281,37.21923828125,101633.71875,64.5,241.5,-226.5,14.5180006027222,-10.003999710083,1022.6650390625,-700,910,70,0,0,0,0
0,0,0,0,52.5,231,-232.5,15.25,-7.38100004196167,1024.31201171875,-700,840,70,0,0,0,0
0,0,0,0,52.5,232.5,-238.5,14.8839998245239,-10.1870002746582,1022.97003173828,-700,910,70,0,0,0,0
0,0,0,0,58.5,249,-235.5,14.4569997787476,-7.93000030517578,1023.15301513672,-630,910,70,0,0,0,0
0,0,0,0,72,262.5,-226.5,13.9079999923706,-8.41800022125244,1021.99401855469,-700,910,70,0,0,0,0
0,0,0,0,73.5,258,-222,15.4330005645752,-9.27200031280518,1023.88500976563,-630,840,140,0,0,0,0
0,0,0,0,64.5,243,-223.5,14.2740001678467,-8.53999996185303,1022.6650390625,-700,840,140,0,0,0,0
0,0,0,0,54,229.5,-234,14.5180006027222,-9.63800048828125,1022.6650390625,-700,840,70,0,0,0,0
0,0,0,0,51,228,-237,16.5920009613037,-9.15000057220459,1023.82403564453,-700,770,140,0,0,0,0
0,0,0,0,60,247.5,-229.5,13.2980003356934,-9.57699966430664,1021.99401855469,-700,840,140,0,0,0,0
0,0,0,0,67.5,268.5,-225,16.0429992675781,-8.66199970245361,1024.00695800781,-700,840,140,0,0,0,0
25.3671875,25.4174041748047,37.1505737304688,101635.734375,73.5,261,-222,14.8229999542236,-8.11299991607666,1023.09204101563,-700,840,140,0,0,0,0
0,0,0,0,72,241.5,-225,14.9449996948242,-7.32000017166138,1024.00695800781,-700,840,140,0,0,0,0
0,0,0,0,60,231,-231,15.6160001754761,-10.7360000610352,1022.78698730469,-700,840,70,0,0,0,0
0,0,0,0,57,229.5,-232.5,15.0670003890991,-7.38100004196167,1023.39703369141,-700,840,140,0,0,0,0
0,0,0,0,63,244.5,-232.5,15.6770000457764,-10.7969999313354,1023.51898193359,-630,840,70,0,0,0,0
0,0,0,0,67.5,265.5,-229.5,15.9210004806519,-11.1020002365112,1024.00695800781,-700,910,70,0,0,0,0
0,0,0,0,72,267,-222,15.0060005187988,-7.25900030136108,1023.39703369141,-700,910,70,0,0,0,0
0,0,0,0,69,244.5,-226.5,15.4330005645752,-10.3699998855591,1023.21398925781,-700,840,70,0,0,0,0
0,0,0,0,58.5,231,-235.5,14.8229999542236,-7.86899995803833,1023.33599853516,-700,840,70,0,0,0,0
0,0,0,0,51,231,-241.5,15.0670003890991,-7.50300025939941,1024.12902832031,-700,910,70,0,0,0,0
25.3828125,25.419921875,37.17041015625,101637.75,57,240,-238.5,14.7620000839233,-10.3090000152588,1022.97003173828,-700,910,140,0,0,0,0
0,0,0,0,64.5,252,-228,15.0670003890991,-7.44199991226196,1023.94598388672,-700,840,70,0,0,0,0
0,0,0,0,72,264,-228,15.3719997406006,-10.3699998855591,1023.27502441406,-700,840,70,0,0,0,0
0,0,0,0,70.5,256.5,-226.5,15.5550003051758,-9.94299983978271,1023.39703369141,-700,840,70,0,0,0,0
0,0,0,0,60,241.5,-229.5,15.0060005187988,-7.86899995803833,1024.06799316406,-630,840,140,0,0,0,0
0,0,0,0,51,229.5,-241.5,15.25,-10.5530004501343,1023.33599853516,-700,910,70,0,0,0,0
0,0,0,0,55.5,238.5,-238.5,15.25,-8.41800022125244,1023.88500976563,-630,910,70,0,0,0,0
0,0,0,0,66,256.5,-237,15.0060005187988,-8.72300052642822,1023.64099121094,-700,910,70,0,0,0,0
0,0,0,0,79.5,267,-231,15.5550003051758,-9.57699966430664,1023.58001708984,-630,910,70,0,0,0,0
0,0,0,0,79.5,258,-222,15.1280002593994,-8.78400039672852,1023.51898193359,-700,910,70,0,0,0,0
25.375,25.4274749755859,37.2329711914063,101632.7109375,69,244.5,-220.5,15.0060005187988,-8.96700000762939,1023.58001708984,-700,840,70,0,0,0,0
0,0,0,0,60,231,-229.5,15.0670003890991,-9.33300018310547,1023.4580078125,-700,840,70,0,0,0,0
0,0,0,0,54,231,-235.5,15.1280002593994,-8.9060001373291,1023.39703369141,-700,840,140,0,0,0,0
0,0,0,0,61.5,252,-234,15.1280002593994,-9.27200031280518,1023.64099121094,-630,840,70,0,0,0,0
0,0,0,0,76.5,270,-231,15.3719997406006,-9.45499992370605,1024.06799316406,-630,840,70,0,0,0,0
0,0,0,0,75,267,-222,15.4940004348755,-9.39400005340576,1023.64099121094,-700,910,70,0,0,0,0
0,0,0,0,60,247.5,-223.5,14.9449996948242,-8.60099983215332,1023.58001708984,-700,910,70,0,0,0,0
0,0,0,0,52.5,228,-229.5,15.7379999160767,-9.76000022888184,1023.76300048828,-700,910,140,0,0,0,0
0,0,0,0,57,228,-231,15.25,-8.47900009155273,1023.76300048828,-630,840,70,0,0,0,0
0,0,0,0,67.5,243,-231,14.8229999542236,-8.41800022125244,1023.33599853516,-700,910,70,0,0,0,0
0,0,0,0,75,256.5,-229.5,15.5550003051758,-9.88199996948242,1023.4580078125,-630,840,70,0,0,0,0
25.375,25.419921875,37.3138427734375,101633.71875,76.5,261,-222,15.1890001296997,-8.66199970245361,1023.21398925781,-700,910,70,0,0,0,0
0,0,0,0,69,255,-217.5,15.8600006103516,-9.57699966430664,1023.58001708984,-630,910,70,0,0,0,0
0,0,0,0,58.5,240,-222,15.6160001754761,-9.51599979400635,1023.64099121094,-700,910,70,0,0,0,0
0,0,0,0,54,229.5,-232.5,14.7620000839233,-9.02799987792969,1022.78698730469,-630,910,70,0,0,0,0
0,0,0,0,61.5,240,-238.5,15.7379999160767,-8.96700000762939,1024.12902832031,-700,840,70,0,0,0,0
0,0,0,0,69,255,-232.5,14.8229999542236,-8.78400039672852,1022.97003173828,-630,910,70,0,0,0,0
0,0,0,0,72,265.5,-226.5,15.4330005645752,-9.27200031280518,1023.21398925781,-700,840,70,0,0,0,0
0,0,0,0,66,255,-225,14.9449996948242,-9.02799987792969,1023.21398925781,-700,840,70,0,0,0,0
0,0,0,0,63,238.5,-223.5,15.1890001296997,-9.51599979400635,1023.70202636719,-700,840,70,0,0,0,0
0,0,0,0,55.5,229.5,-232.5,15.4330005645752,-8.47900009155273,1023.58001708984,-700,910,70,0,0,0,0
25.3671875,25.4073333740234,37.4191284179688,101632.7109375,58.5,235.5,-241.5,15.1890001296997,-8.96700000762939,1023.4580078125,-700,910,140,0,0,0,0
0,0,0,0,66,250.5,-234,15.4330005645752,-9.33300018310547,1023.39703369141,-700,910,140,0,0,0,0
0,0,0,0,76.5,264,-222,15.1890001296997,-8.96700000762939,1023.27502441406,-700,840,70,0,0,0,0
0,0,0,0,75,261,-216,15.3109998703003,-9.39400005340576,1023.33599853516,-630,840,140,0,0,0,0
0,0,0,0,64.5,247.5,-223.5,15.3109998703003,-8.66199970245361,1023.82403564453,-700,910,70,0,0,0,0
0,0,0,0,61.5,231,-232.5,15.3109998703003,-9.63800048828125,1023.58001708984,-700,840,70,0,0,0,0
0,0,0,0,57,223.5,-234,15.4330005645752,-8.78400039672852,1023.4580078125,-700,910,70,0,0,0,0
0,0,0,0,60,240,-232.5,15.4330005645752,-9.57699966430664,1023.39703369141,-700,910,70,0,0,0,0
0,0,0,0,70.5,262.5,-231,15.3719997406006,-9.82100009918213,1022.97003173828,-700,910,70,0,0,0,0
0,0,0,0,76.5,264,-223.5,15.0670003890991,-8.66199970245361,1023.58001708984,-700,910,70,0,0,0,0
25.359375,25.4098510742188,37.4786376953125,101633.71875,66,250.5,-225,15.1280002593994,-9.57699966430664,1023.03100585938,-700,910,70,0,0,0,0
0,0,0,0,54,237,-231,15.6160001754761,-8.47900009155273,1023.33599853516,-700,910,70,0,0,0,0
0,0,0,0,52.5,229.5,-237,15.1280002593994,-9.51599979400635,1022.84802246094,-700,910,70,0,0,0,0
0,0,0,0,61.5,240,-235.5,14.701000213623,-8.23499965667725,1023.21398925781,-700,840,70,0,0,0,0
0,0,0,0,73.5,256.5,-226.5,15.5550003051758,-9.33300018310547,1023.33599853516,-630,840,70,0,0,0,0
0,0,0,0,78,270,-222,14.2740001678467,-8.60099983215332,1022.54302978516,-700,840,140,0,0,0,0
0,0,0,0,70.5,262.5,-223.5,15.25,-8.84500026702881,1022.42102050781,-700,840,70,0,0,0,0
0,0,0,0,61.5,241.5,-229.5,15.798999786377,-9.45499992370605,1023.27502441406,-700,840,70,0,0,0,0
0,0,0,0,54,231,-229.5,14.701000213623,-8.84500026702881,1022.97003173828,-700,910,70,0,0,0,0
0,0,0,0,51,237,-234,15.5550003051758,-9.33300018310547,1023.15301513672,-700,840,140,0,0,0,0
0,0,0,0,57,249,-232.5,15.25,-8.41800022125244,1023.58001708984,-630,910,70,0,0,0,0
25.3515625,25.3871917724609,37.5625610351563,101633.71875,69,264,-226.5,15.1280002593994,-9.39400005340576,1023.15301513672,-700,840,70,0,0,0,0
0,0,0,0,73.5,261,-225,15.1280002593994,-8.84500026702881,1023.15301513672,-700,840,70,0,0,0,0
0,0,0,0,66,241.5,-225,15.4940004348755,-9.51599979400635,1023.39703369141,-700,840,70,0,0,0,0
0,0,0,0,55.5,225,-232.5,14.8229999542236,-9.21100044250488,1023.4580078125,-700,840,70,0,0,0,0
0,0,0,0,55.5,231,-240,15.1280002593994,-8.72300052642822,1023.64099121094,-700,840,70,0,0,0,0
0,0,0,0,64.5,250.5,-237,14.9449996948242,-9.57699966430664,1023.51898193359,-700,910,70,0,0,0,0
0,0,0,0,70.5,268.5,-231,15.4940004348755,-8.11299991607666,1023.94598388672,-700,840,140,0,0,0,0
0,0,0,0,72,264,-226.5,15.3719997406006,-8.41800022125244,1023.4580078125,-700,840,70,0,0,0,0
0,0,0,0,61.5,244.5,-229.5,15.1280002593994,-9.82100009918213,1022.90899658203,-700,910,70,0,0,0,0
0,0,0,0,55.5,223.5,-232.5,15.4940004348755,-7.74700021743774,1023.09204101563,-700,840,70,0,0,0,0
25.3515625,25.3997802734375,37.5823974609375,101635.734375,55.5,222,-234,14.701000213623,-9.63800048828125,1023.09204101563,-630,840,70,0,0,0,0
0,0,0,0,60,241.5,-235.5,15.1280002593994,-9.63800048828125,1023.09204101563,-630,910,70,0,0,0,0
0,0,0,0,69,262.5,-226.5,15.4940004348755,-8.9060001373291,1023.58001708984,-630,910,140,0,0,0,0
0,0,0,0,78,267,-220.5,15.3109998703003,-9.63800048828125,1023.09204101563,-700,910,140,0,0,0,0
0,0,0,0,72,253.5,-222,14.701000213623,-9.02799987792969,1023.51898193359,-700,910,140,0,0,0,0
0,0,0,0,66,240,-226.5,15.1280002593994,-8.11299991607666,1023.88500976563,-700,910,70,0,0,0,0
0,0,0,0,60,228,-229.5,15.3109998703003,-9.51599979400635,1023.09204101563,-700,910,140,0,0,0,0
0,0,0,0,60,237,-237,15.3109998703003,-8.78400039672852,1024.06799316406,-700,840,140,0,0,0,0
0,0,0,0,64.5,256.5,-237,15.1890001296997,-9.33300018310547,1023.27502441406,-700,910,70,0,0,0,0
0,0,0,0,75,262.5,-228,15.0670003890991,-9.33300018310547,1023.21398925781,-700,910,140,0,0,0,0
25.359375,25.4274749755859,37.6144409179688,101635.734375,72,249,-225,14.8839998245239,-8.84500026702881,1023.51898193359,-630,840,70,0,0,0,0
0,0,0,0,57,238.5,-226.5,14.8229999542236,-9.27200031280518,1023.70202636719,-700,840,140,0,0,0,0
0,0,0,0,48,225,-238.5,14.8229999542236,-9.08899974822998,1023.51898193359,-700,840,70,0,0,0,0
0,0,0,0,48,231,-241.5,15.0060005187988,-9.21100044250488,1023.39703369141,-700,910,140,0,0,0,0
0,0,0,0,61.5,250.5,-234,15.0670003890991,-8.84500026702881,1023.39703369141,-700,840,140,0,0,0,0
0,0,0,0,79.5,261,-226.5,15.9210004806519,-9.39400005340576,1023.21398925781,-700,910,140,0,0,0,0
0,0,0,0,78,259.5,-220.5,15.4940004348755,-8.41800022125244,1022.90899658203,-700,910,70,0,0,0,0
0,0,0,0,67.5,249,-225,14.8229999542236,-8.60099983215332,1023.27502441406,-700,840,70,0,0,0,0
0,0,0,0,63,228,-231,15.3109998703003,-9.82100009918213,1023.39703369141,-700,840,70,0,0,0,0
0,0,0,0,57,228,-238.5,14.701000213623,-8.53999996185303,1022.97003173828,-700,840,140,0,0,0,0
0,0,0,0,69,246,-237,14.9449996948242,-9.51599979400635,1023.33599853516,-700,840,140,0,0,0,0
25.359375,25.3947448730469,37.5823974609375,101635.734375,76.5,267,-228,15.3109998703003,-10.0650005340576,1023.15301513672,-700,840,70,0,0,0,0
0,0,0,0,75,267,-222,14.701000213623,-8.47900009155273,1023.64099121094,-700,840,70,0,0,0,0
0,0,0,0,70.5,249,-225,15.7379999160767,-10.0650005340576,1023.15301513672,-700,910,140,0,0,0,0
0,0,0,0,57,234,-231,14.5180006027222,-8.47900009155273,1023.15301513672,-700,910,70,0,0,0,0
0,0,0,0,49.5,223.5,-232.5,14.8229999542236,-7.80800008773804,1023.4580078125,-700,910,70,0,0,0,0
0,0,0,0,57,241.5,-232.5,15.8600006103516,-9.76000022888184,1022.97003173828,-630,840,70,0,0,0,0
0,0,0,0,69,262.5,-231,15.1280002593994,-8.47900009155273,1023.27502441406,-630,840,70,0,0,0,0
0,0,0,0,79.5,273,-225,15.5550003051758,-9.39400005340576,1023.27502441406,-630,840,70,0,0,0,0
0,0,0,0,75,258,-222,15.1280002593994,-9.33300018310547,1023.64099121094,-630,840,70,0,0,0,0
0,0,0,0,61.5,238.5,-223.5,15.1280002593994,-8.96700000762939,1023.03100585938,-630,910,140,0,0,0,0
25.3515625,25.4073333740234,37.5350952148438,101635.734375,54,223.5,-229.5,15.25,-9.27200031280518,1023.03100585938,-700,840,70,0,0,0,0
0,0,0,0,55.5,229.5,-240,15.1890001296997,-8.78400039672852,1023.03100585938,-700,910,70,0,0,0,0
0,0,0,0,61.5,249,-238.5,15.4330005645752,-9.15000057220459,1023.15301513672,-700,840,140,0,0,0,0
0,0,0,0,76.5,273,-225,15.1280002593994,-9.21100044250488,1023.21398925781,-630,910,70,0,0,0,0
0,0,0,0,75,265.5,-223.5,15.25,-9.02799987792969,1023.4580078125,-700,840,70,0,0,0,0
0,0,0,0,63,243,-231,15.4330005645752,-9.27200031280518,1023.39703369141,-700,840,70,0,0,0,0
0,0,0,0,55.5,232.5,-231,15.3109998703003,-9.45499992370605,1023.33599853516,-700,840,70,0,0,0,0
0,0,0,0,57,232.5,-237,15.1890001296997,-9.33300018310547,1023.27502441406,-630,840,70,0,0,0,0
0,0,0,0,66,247.5,-240,15.0670003890991,-9.39400005340576,1023.4580078125,-700,840,140,0,0,0,0
0,0,0,0,75,264,-231,15.3109998703003,-9.39400005340576,1023.70202636719,-700,910,140,0,0,0,0
25.3515625,25.3997802734375,37.506103515625,101634.7265625,76.5,264,-225,15.6160001754761,-9.45499992370605,1023.64099121094,-700,910,140,0,0,0,0
0,0,0,0,67.5,249,-228,14.9449996948242,-8.53999996185303,1022.97003173828,-700,910,70,0,0,0,0
0,0,0,0,54,237,-261,15.0670003890991,-9.94299983978271,1023.39703369141,-700,910,70,0,0,0,0
0,0,0,0,54,228,-265.5,15.4330005645752,-8.96700000762939,1023.21398925781,-700,910,140,0,0,0,0
0,0,0,0,60,241.5,-235.5,14.9449996948242,-8.60099983215332,1023.21398925781,-700,910,140,0,0,0,0
0,0,0,0,63,264,-231,15.5550003051758,-9.08899974822998,1022.90899658203,-700,840,70,0,0,0,0
0,0,0,0,70.5,268.5,-226.5,14.5790004730225,-8.84500026702881,1023.27502441406,-700,840,70,0,0,0,0
0,0,0,0,75,253.5,-231,15.4330005645752,-9.33300018310547,1023.21398925781,-700,910,140,0,0,0,0
0,0,0,0,69,240,-234,14.701000213623,-8.96700000762939,1023.33599853516,-700,840,70,0,0,0,0
0,0,0,0,57,226.5,-234,14.7620000839233,-8.35700035095215,1023.09204101563,-700,840,70,0,0,0,0
0,0,0,0,58.5,231,-232.5,15.1280002593994,-9.76000022888184,1023.15301513672,-700,910,70,0,0,0,0
25.3515625,25.4073333740234,37.4649047851563,101633.71875,69,253.5,-237,15.1890001296997,-8.35700035095215,1023.27502441406,-700,910,70,0,0,0,0
0,0,0,0,76.5,268.5,-234,15.4330005645752,-9.57699966430664,1022.78698730469,-700,910,70,0,0,0,0
0,0,0,0,70.5,264,-240,15.1890001296997,-9.39400005340576,1023.70202636719,-700,910,140,0,0,0,0
0,0,0,0,61.5,256.5,-265.5,14.7620000839233,-8.96700000762939,1023.39703369141,-700,910,140,0,0,0,0
0,0,0,0,55.5,243,-274.5,15.25,-9.27200031280518,1023.27502441406,-700,910,70,0,0,0,0
0,0,0,0,52.5,243,-279,15.1890001296997,-9.33300018310547,1023.39703369141,-700,910,140,0,0,0,0
0,0,0,0,60,259.5,-282,15.0060005187988,-9.27200031280518,1023.88500976563,-700,910,140,0,0,0,0
0,0,0,0,76.5,274.5,-268.5,15.25,-9.57699966430664,1023.39703369141,-700,910,140,0,0,0,0
0,0,0,0,78,277.5,-259.5,15.5550003051758,-9.94299983978271,1023.76300048828,-700,910,70,0,0,0,0
0,0,0,0,67.5,262.5,-267,15.0670003890991,-8.66199970245361,1023.4580078125,-700,910,70,0,0,0,0
25.359375,25.4148864746094,37.3779296875,101632.7109375,57,241.5,-273,15.3719997406006,-9.57699966430664,1022.72601318359,-700,910,140,0,0,0,0
0,0,0,0,49.5,241.5,-276,15.1280002593994,-9.02799987792969,1024.00695800781,-700,910,70,0,0,0,0
0,0,0,0,55.5,256.5,-276,15.1890001296997,-9.45499992370605,1023.39703369141,-700,910,140,0,0,0,0
0,0,0,0,67.5,274.5,-276,15.6770000457764,-9.51599979400635,1023.64099121094,-700,910,70,0,0,0,0
0,0,0,0,70.5,276,-270,14.9449996948242,-8.72300052642822,1022.84802246094,-700,910,70,0,0,0,0
0,0,0,0,63,267,-268.5,15.3719997406006,-9.76000022888184,1023.58001708984,-700,910,70,0,0,0,0
0,0,0,0,51,250.5,-274.5,14.8839998245239,-8.84500026702881,1023.39703369141,-700,910,70,0,0,0,0
0,0,0,0,51,237,-283.5,14.9449996948242,-8.9060001373291,1022.6650390625,-700,910,140,0,0,0,0
0,0,0,0,57,250.5,-288,15.6160001754761,-9.21100044250488,1023.33599853516,-700,910,70,0,0,0,0
0,0,0,0,66,270,-282,14.5790004730225,-8.78400039672852,1022.78698730469,-700,910,140,0,0,0,0
25.3515625,25.4224395751953,37.3550415039063,101633.71875,75,277.5,-270,15.6770000457764,-9.57699966430664,1023.51898193359,-700,910,140,0,0,0,0
0,0,0,0,67.5,268.5,-265.5,15.4940004348755,-9.33300018310547,1023.27502441406,-700,910,140,0,0,0,0
0,0,0,0,61.5,246,-271.5,14.9449996948242,-8.84500026702881,1023.21398925781,-700,910,70,0,0,0,0
0,0,0,0,60,234,-280.5,15.3109998703003,-9.27200031280518,1023.09204101563,-700,910,70,0,0,0,0
0,0,0,0,61.5,246,-280.5,15.0670003890991,-9.39400005340576,1023.39703369141,-700,910,140,0,0,0,0
0,0,0,0,67.5,259.5,-273,15.1890001296997,-9.08899974822998,1023.27502441406,-700,910,140,0,0,0,0
0,0,0,0,72,276,-274.5,15.25,-9.21100044250488,1022.97003173828,-700,910,70,0,0,0,0
0,0,0,0,67.5,270,-277.5,15.0060005187988,-9.21100044250488,1022.78698730469,-700,910,140,0,0,0,0
0,0,0,0,58.5,250.5,-274.5,15.1890001296997,-8.72300052642822,1023.51898193359,-700,910,140,0,0,0,0
0,0,0,0,54,240,-271.5,15.6160001754761,-8.60099983215332,1023.21398925781,-700,910,70,0,0,0,0
0,0,0,0,52.5,246,-280.5,15.0670003890991,-9.39400005340576,1022.54302978516,-700,910,70,0,0,0,0
25.34375,25.3947448730469,37.371826171875,101634.7265625,60,258,-279,15.1280002593994,-8.84500026702881,1023.15301513672,-630,910,70,0,0,0,0
0,0,0,0,75,271.5,-265.5,15.1280002593994,-9.15000057220459,1023.03100585938,-700,910,140,0,0,0,0
0,0,0,0,70.5,276,-261,15.3719997406006,-9.21100044250488,1023.15301513672,-630,910,70,0,0,0,0
0,0,0,0,61.5,259.5,-264,15.4330005645752,-8.96700000762939,1022.90899658203,-700,910,140,0,0,0,0
0,0,0,0,55.5,235.5,-271.5,14.8839998245239,-9.08899974822998,1023.09204101563,-700,910,140,0,0,0,0
0,0,0,0,51,232.5,-282,15.798999786377,-9.27200031280518,1023.4580078125,-700,910,140,0,0,0,0
0,0,0,0,61.5,255,-277.5,14.9449996948242,-8.84500026702881,1022.90899658203,-700,910,140,0,0,0,0
0,0,0,0,69,277.5,-277.5,15.3109998703003,-9.02799987792969,1023.39703369141,-700,910,70,0,0,0,0
0,0,0,0,75,282,-273,14.9449996948242,-9.57699966430664,1023.09204101563,-700,910,70,0,0,0,0
0,0,0,0,69,264,-267,15.1280002593994,-9.21100044250488,1023.27502441406,-700,910,70,0,0,0,0
25.34375,25.3972625732422,37.2817993164063,101635.734375,58.5,244.5,-276,15.25,-9.39400005340576,1023.21398925781,-700,910,70,0,0,0,0
0,0,0,0,52.5,246,-289.5,15.1890001296997,-9.51599979400635,1022.6650390625,-700,910,140,0,0,0,0
0,0,0,0,52.5,261,-298.5,14.8839998245239,-9.08899974822998,1023.21398925781,-700,910,140,0,0,0,0
0,0,0,0,57,279,-291,15.3719997406006,-9.82100009918213,1023.09204101563,-700,910,70,0,0,0,0
0,0,0,0,69,283.5,-282,15.6160001754761,-8.53999996185303,1023.27502441406,-700,910,140,0,0,0,0
0,0,0,0,69,264,-282,15.4330005645752,-9.27200031280518,1023.27502441406,-700,910,70,0,0,0,0
0,0,0,0,60,249,-286.5,14.701000213623,-9.69900035858154,1022.90899658203,-700,910,70,0,0,0,0
0,0,0,0,54,244.5,-295.5,15.4940004348755,-8.53999996185303,1023.51898193359,-700,910,70,0,0,0,0
0,0,0,0,52.5,255,-295.5,15.25,-9.63800048828125,1022.97003173828,-700,910,70,0,0,0,0
0,0,0,0,58.5,274.5,-285,15.1890001296997,-9.51599979400635,1023.09204101563,-700,910,70,0,0,0,0
25.34375,25.4048156738281,37.2467041015625,101635.734375,72,285,-282,15.4330005645752,-9.27200031280518,1022.97003173828,-700,910,70,0,0,0,0
0,0,0,0,67.5,274.5,-282,15.4940004348755,-8.96700000762939,1023.39703369141,-700,910,70,0,0,0,0
0,0,0,0,63,259.5,-285,15.3109998703003,-9.82100009918213,1023.15301513672,-700,910,70,0,0,0,0
0,0,0,0,58.5,252,-288,14.6400003433228,-8.72300052642822,1023.27502441406,-700,910,70,0,0,0,0
0,0,0,0,54,255,-282,15.7379999160767,-9.76000022888184,1023.21398925781,-700,910,140,0,0,0,0
0,0,0,0,60,264,-274.5,15.6160001754761,-9.57699966430664,1022.90899658203,-700,910,140,0,0,0,0
0,0,0,0,72,271.5,-268.5,15.1280002593994,-9.33300018310547,1022.97003173828,-700,910,140,0,0,0,0
0,0,0,0,69,270,-261,15.25,-9.33300018310547,1023.21398925781,-700,910,140,0,0,0,0
0,0,0,0,58.5,261,-265.5,15.3719997406006,-8.66199970245361,1023.27502441406,-700,910,140,0,0,0,0
0,0,0,0,51,243,-273,15.6160001754761,-8.84500026702881,1023.03100585938,-700,910,140,0,0,0,0
0,0,0,0,46.5,238.5,-279,15.0060005187988,-9.27200031280518,1023.15301513672,-700,910,140,0,0,0,0
25.34375,25.3972625732422,37.2177124023438,101636.7421875,58.5,253.5,-273,15.3109998703003,-9.15000057220459,1023.15301513672,-700,910,70,0,0,0,0
0,0,0,0,73.5,276,-268.5,15.0670003890991,-9.02799987792969,1022.97003173828,-700,910,140,0,0,0,0
0,0,0,0,67.5,273,-268.5,15.4940004348755,-9.51599979400635,1023.03100585938,-700,910,70,0,0,0,0
0,0,0,0,58.5,255,-267,15.3719997406006,-9.15000057220459,1022.97003173828,-700,910,70,0,0,0,0
0,0,0,0,54,243,-270,15.25,-9.51599979400635,1023.15301513672,-700,910,70,0,0,0,0
